id_emprestimo,id_cliente,tipo_emprestimo,valor_contratado,numero_parcelas,valor_parcela,saldo_devedor,dias_atraso,status,data_contratacao
100001,1,Crédito Pessoal,5206.54,12,604.11,0.0,0,Quitado,2024-03-15
100002,2,Consignado,21323.06,36,905.2,8387.07,0,Em dia,2024-02-08
100003,2,Crédito Pessoal,6064.25,36,390.33,4093.37,0,Em dia,2025-03-10
100004,3,Consignado,12228.42,24,683.73,8254.18,8,Atrasado,2025-08-13
100005,4,Financiamento Veicular,51841.85,48,1759.65,39205.4,40,Inadimplente,2025-03-05
100006,4,Consignado,14219.62,36,603.65,6209.23,0,Em dia,2024-04-15
100007,5,Consignado,21821.95,24,1220.13,14020.6,22,Atrasado,2025-07-31
100008,6,Financiamento Veicular,20596.6,48,699.11,17249.66,0,Em dia,2025-08-22
100009,7,Crédito Pessoal,11014.23,18,979.38,0.0,0,Quitado,2024-03-24
100010,8,Financiamento Veicular,41759.43,60,1260.2,34159.22,0,Em dia,2025-04-04
100011,9,Crédito Pessoal,6252.44,24,475.41,0.0,0,Quitado,2024-06-04
100012,9,Consignado,4892.88,24,273.57,4256.8,0,Em dia,2026-02-21
100013,10,Crédito Pessoal,3254.14,24,247.43,2196.55,0,Em dia,2025-08-31
100014,11,Crédito Pessoal,3333.38,24,253.46,1816.69,54,Inadimplente,2025-04-30
100015,11,Financiamento Veicular,50115.18,60,1512.36,43600.2,0,Em dia,2025-08-14
100016,12,Crédito Pessoal,10759.25,24,818.09,0.0,0,Quitado,2024-01-24
100017,13,Consignado,25592.46,60,828.0,16609.51,0,Em dia,2024-03-01
100018,14,Crédito Pessoal,9041.75,30,622.12,2694.44,0,Em dia,2024-03-23
100019,15,Crédito Pessoal,40164.88,30,2763.56,40164.88,0,Em dia,2026-06-03
100020,16,Financiamento Veicular,55883.64,48,1896.84,35905.24,38,Inadimplente,2024-08-24
100021,17,Crédito Pessoal,12196.8,36,785.06,6118.73,114,Inadimplente,2024-07-05
100022,18,Consignado,7683.33,48,276.65,4561.98,0,Em dia,2024-05-08
100023,19,Financiamento Veicular,31581.87,36,1279.19,22002.03,0,Em dia,2025-04-12
100024,20,Financiamento Veicular,66689.26,48,2263.62,49350.05,51,Inadimplente,2025-02-11
100025,21,Crédito Pessoal,11319.39,18,1006.52,3961.79,0,Em dia,2025-03-27
100026,22,Crédito Pessoal,4760.61,18,423.31,2491.39,0,em dia,2025-07-03
100027,22,Crédito Pessoal,7341.94,18,652.84,4478.58,0,Em dia,2025-09-20
100028,23,Consignado,21592.01,60,698.57,14574.6,0,Em dia,2024-05-05
100029,24,Consignado,19204.86,48,691.49,10778.73,0,Em dia,2024-03-28
100030,25,Consignado,10806.2,36,458.74,7996.59,0,Em dia,2025-06-12
100031,26,Crédito Pessoal,10079.54,36,648.78,3746.23,0,Em dia,2024-01-28
100032,27,Crédito Pessoal,18523.34,24,1408.44,11299.24,25,Atrasado,2025-06-14
100033,28,Consignado,6950.69,48,250.27,6047.1,0,Em dia,2025-10-13
100034,29,Financiamento Veicular,36481.1,36,1477.63,34900.26,0,Em dia,2026-04-17
100035,30,Consignado,21397.46,24,1196.39,0.0,0,Quitado,2024-01-29
100036,31,Crédito Pessoal,12751.31,36,820.76,7778.3,0,Em dia,2024-12-18
100037,32,Refinanciamento,13987.38,36,689.36,5804.76,0,Em dia,2024-03-23
100038,33,Crédito Pessoal,12603.45,36,811.24,10145.78,0,Em dia,2025-09-16
100039,34,Financiamento Veicular,35477.95,36,1437.0,34709.26,0,Em dia,2026-05-04
100040,35,Financiamento Veicular,44014.44,48,1493.97,44014.44,0,Em dia,2026-06-29
100041,36,Financiamento Veicular,64885.68,60,1958.1,51389.46,0,Em dia,2025-02-09
100042,37,Crédito Pessoal,12582.23,18,1118.81,0.0,0,Quitado,2024-01-29
100043,37,Refinanciamento,15060.01,48,652.2,8941.88,0,Em dia,2024-05-29
100044,38,Refinanciamento,28569.24,24,1779.09,18355.73,144,Inadimplente,2025-07-15
100045,39,Financiamento Veicular,47249.27,36,1913.78,31893.26,58,Inadimplente,2025-03-20
100046,39,Crédito Pessoal,6634.21,24,504.44,1890.75,19,Atrasado,2024-08-05
100047,40,Consignado,19272.15,36,818.13,7997.94,0,Em dia,2024-03-03
100048,41,Consignado,21303.28,60,689.23,20749.39,0,Em dia,2026-04-26
100049,42,Consignado,13116.04,24,733.36,13116.04,31,Inadimplente,2026-06-12
100050,43,Crédito Pessoal,19591.19,18,1742.05,7705.87,32,Inadimplente,2025-04-29
100051,44,Consignado,26960.53,60,872.26,25909.06,0,Em dia,2026-03-14
100052,45,Crédito Pessoal,4585.63,12,532.07,3691.43,0,Em dia,2026-03-01
100053,45,Crédito Pessoal,5486.72,12,636.62,0.0,0,Quitado,2025-03-29
100054,46,Consignado,18376.35,36,780.11,15987.43,0,Em dia,2025-12-10
100055,47,Consignado,12180.57,36,517.08,10597.1,0,Em dia,2025-12-16
100056,48,Refinanciamento,18919.93,24,1178.2,18305.03,0,Em dia,2026-05-10
100057,49,Crédito Pessoal,4674.13,18,415.62,1635.95,0,Em dia,2025-03-14
100058,50,Refinanciamento,22324.33,24,1390.2,18696.62,0,Em dia,2026-01-03
100059,51,Crédito Pessoal,8465.78,30,582.49,3623.35,59,inadimplente,2024-08-12
100060,52,Refinanciamento,10208.85,24,635.73,0.0,0,Quitado,2024-06-14
100061,53,Crédito Pessoal,9139.34,30,628.84,3674.01,42,Inadimplente,2024-07-19
100062,54,Consignado,22911.12,60,741.25,21124.06,0,Em dia,2025-12-21
100063,54,Consignado,12529.22,24,700.54,0.0,0,Quitado,2024-04-25
100064,55,Refinanciamento,19589.95,24,1219.92,0.0,0,Quitado,2024-03-27
100065,56,Financiamento Veicular,27244.51,48,924.75,25473.62,0,Em dia,2026-02-12
100066,56,Refinanciamento,11488.51,36,566.2,7505.83,0,Em dia,2025-02-19
100067,57,Financiamento Veicular,30473.07,36,1234.28,17268.07,0,Em dia,2024-10-12
100068,58,Crédito Pessoal,2830.15,12,328.38,1358.47,0,Em dia,2025-10-11
100069,59,Crédito Pessoal,9336.16,24,709.88,9336.16,131,Inadimplente,2026-06-02
100070,60,Refinanciamento,18903.1,48,818.63,11223.71,0,Em dia,2024-05-12
100071,61,Refinanciamento,23416.67,36,1154.07,9210.56,0,Em dia,2024-02-21
100072,62,Consignado,14531.5,36,616.88,8234.52,0,Em dia,2024-10-23
100073,63,Financiamento Veicular,45642.09,48,1549.22,0.0,0,Quitado,2024-02-07
100074,64,Crédito Pessoal,7272.3,30,500.37,3301.63,57,Inadimplente,2024-09-08
100075,65,Consignado,7366.19,60,238.32,6217.06,0,Em dia,2025-06-02
100076,66,Crédito Pessoal,8795.3,18,782.08,2697.23,0,Em dia,2025-02-18
100077,67,Crédito Pessoal,14483.42,24,1101.26,7422.75,109,Inadimplente,2025-03-17
100078,68,Financiamento Veicular,28383.2,48,963.4,24232.16,0,Em dia,2025-09-05
100079,69,Crédito Pessoal,15090.04,30,1038.28,3712.15,0,Em dia,2024-01-04
100080,70,Consignado,12132.1,36,515.03,4771.96,0,Em dia,2024-02-05
100081,71,Crédito Pessoal,9877.95,30,679.66,2943.63,0,Em dia,2024-03-26
100082,72,Consignado,17748.13,24,992.35,0.0,0,Quitado,2024-04-03
100083,73,Crédito Pessoal,8272.99,12,959.91,0.0,0,Quitado,2025-02-07
100084,73,Crédito Pessoal,7016.82,18,623.93,0.0,0,Quitado,2024-03-27
100085,74,Financiamento Veicular,58676.38,60,1770.72,54862.42,0,Em dia,2026-01-03
100086,75,Financiamento Veicular,31915.79,48,1083.31,19468.63,0,Em dia,2024-06-02
100087,76,Financiamento Veicular,21043.94,60,635.06,17761.08,0,Em dia,2025-06-09
100088,77,Crédito Pessoal,12127.27,36,780.59,11076.24,0,Em dia,2026-02-09
100089,78,Financiamento Veicular,35754.31,60,1078.98,34359.89,0,Em dia,2026-03-28
100090,79,Crédito Pessoal,5673.63,12,658.31,0.0,0,Quitado,2024-02-12
100091,80,Crédito Pessoal,18972.3,30,1305.4,13546.22,129,Inadimplente,2025-07-25
100092,81,Consignado,19196.96,24,1073.36,10462.34,0,Em dia,2025-04-12
100093,82,Consignado,8835.55,24,494.02,7686.93,0,Em dia,2026-02-02
100094,83,Crédito Pessoal,16453.99,18,1463.09,0.0,0,Quitado,2024-08-24
100095,83,Refinanciamento,17672.24,36,870.96,17289.35,0,Em dia,2026-05-15
100096,84,Financiamento Veicular,61880.81,60,1867.42,55445.21,35,Inadimplente,2025-10-09
100097,85,Consignado,13183.72,48,474.69,11255.6,68,Inadimplente,2025-09-28
100098,86,Refinanciamento,24040.96,24,1497.1,19352.97,0,Em dia,2025-12-09
100099,87,Crédito Pessoal,6241.48,30,429.45,3969.58,0,Em dia,2025-04-22
100100,88,Crédito Pessoal,16280.17,12,1888.98,0.0,0,Quitado,2025-04-29
100101,89,Financiamento Veicular,67177.34,48,2280.18,45344.71,0,Em dia,2024-10-02
100102,90,Crédito Pessoal,3328.24,12,386.17,0.0,0,Quitado,2024-05-25
100103,91,Crédito Pessoal,3657.86,36,235.44,3499.36,0,Em dia,2026-04-19
100104,92,Crédito Pessoal,14397.58,30,990.63,14397.58,61,Inadimplente,2026-06-16
100105,92,Refinanciamento,11319.28,48,490.2,8744.14,0,Em dia,2025-04-06
100106,93,Crédito Pessoal,12136.07,12,1408.14,11347.23,0,Em dia,2026-05-10
100107,94,Crédito Pessoal,5851.71,18,520.33,4330.26,0,Em dia,2025-12-31
100108,95,Crédito Pessoal,7447.1,30,512.4,7447.1,0,Em dia,2026-06-09
100109,96,Crédito Pessoal,8256.96,12,958.05,0.0,0,Quitado,2024-10-14
100110,97,Crédito Pessoal,13428.45,18,1194.06,0.0,0,Quitado,2024-09-12
100111,98,Crédito Pessoal,15014.73,24,1141.66,13550.79,0,Em dia,2026-03-14
100112,99,Consignado,16809.23,36,713.58,14988.23,0,Em dia,2026-01-06
100113,100,Consignado,27579.26,36,1170.78,22798.86,0,Em dia,2025-10-21
100114,101,Consignado,28775.28,36,1221.56,20046.78,0,Em dia,2025-04-28
100115,102,Financiamento Veicular,36421.33,60,1099.11,26478.31,16,Atrasado,2024-09-23
100116,103,Crédito Pessoal,7837.2,18,696.88,5120.3,59,Inadimplente,2025-10-20
100117,104,consignado,14553.59,60,470.86,11148.05,0,Em dia,2024-12-06
100118,105,Crédito Pessoal,9232.32,12,1071.22,0.0,0,Quitado,2024-06-27
100119,106,Crédito Pessoal,8328.81,24,633.29,7787.44,0,Em dia,2026-04-08
100120,106,Financiamento Veicular,28027.67,48,951.34,20285.03,0,Em dia,2025-01-27
100121,107,Crédito Pessoal,11067.67,12,1284.17,0.0,0,Quitado,2025-05-25
100122,108,Crédito Pessoal,9025.57,36,580.94,6678.92,0,Em dia,2025-06-25
100123,109,Crédito Pessoal,2233.12,18,198.57,588.05,0,Em dia,2025-01-28
100124,110,Financiamento Veicular,38028.91,36,1540.32,0.0,0,Quitado,2024-05-10
100125,111,Consignado,15784.06,60,510.67,9833.47,0,Em dia,2024-01-01
100126,112,Consignado,14336.97,60,463.85,11727.64,0,Em dia,2025-04-04
100127,113,Consignado,53739.2,24,3004.71,50246.15,0,Em dia,2026-04-25
100128,114,Consignado,22247.98,24,1243.95,0.0,0,Quitado,2024-01-02
100129,115,Refinanciamento,15974.14,48,691.78,14676.24,9,Atrasado,2026-01-02
100130,116,Consignado,12435.21,24,695.29,0.0,0,Quitado,2024-04-11
100131,117,Consignado,14385.23,60,465.41,10458.06,0,Em dia,2024-09-24
100132,118,Crédito Pessoal,8496.1,30,584.58,4078.13,0,Em dia,2024-10-12
100133,118,Refinanciamento,12122.9,36,597.47,8970.95,0,Em dia,2025-06-22
100134,119,Financiamento Veicular,56459.12,48,1916.38,0.0,0,Quitado,2024-02-26
100135,120,Consignado,22119.24,48,796.43,14211.61,0,Em dia,2024-08-21
100136,121,Crédito Pessoal,24379.69,24,1853.73,20417.99,0,Em dia,2026-01-05
100137,122,Financiamento Veicular,47257.88,60,1426.14,46643.53,37,Inadimplente,2026-05-15
100138,123,Financiamento Veicular,85630.9,36,3468.39,59656.2,0,Em dia,2025-04-21
100139,124,Refinanciamento,19122.79,36,942.45,15393.85,0,Em dia,2025-09-16
100140,125,Financiamento Veicular,37315.54,60,1126.1,25187.99,31,Inadimplente,2024-05-29
100141,126,Crédito Pessoal,4824.32,12,559.76,2942.84,0,Em dia,2025-12-27
100142,127,Refinanciamento,21537.63,48,932.72,12437.98,0,Em dia,2024-04-25
100143,128,Crédito Pessoal,7723.85,36,497.16,7054.45,0,Em dia,2026-02-03
100144,129,Financiamento Veicular,66769.15,48,2266.33,50494.17,96,Inadimplente,2025-03-29
100145,130,Consignado,6782.7,24,379.24,4357.88,0,Em dia,2025-07-28
100146,130,Crédito Pessoal,9834.5,24,747.77,9195.26,53,Inadimplente,2026-04-21
100147,131,Crédito Pessoal,6981.66,30,480.38,2806.63,0,Em dia,2024-07-16
100148,132,Consignado,10355.03,36,439.59,9906.31,0,Em dia,2026-04-11
100149,133,Consignado,16269.34,24,909.66,5165.52,50,Inadimplente,2024-09-20
100150,134,Crédito Pessoal,4373.49,36,281.51,1720.24,0,Em dia,2024-02-14
100151,135,Crédito Pessoal,2939.22,12,341.04,1983.97,0,Em dia,2026-01-08
100152,136,Refinanciamento,8041.93,24,500.79,7519.21,0,Em dia,2026-04-25
100153,137,Refinanciamento,8584.36,36,423.07,8026.37,0,Em dia,2026-03-19
100154,138,Refinanciamento,29245.82,24,1821.22,0.0,0,Quitado,2024-01-09
100155,139,Financiamento Veicular,58500.53,36,2369.51,47092.93,0,Em dia,2025-09-13
100156,140,Financiamento Veicular,48048.53,60,1450.0,31183.5,0,Em dia,2024-03-21
100157,141,Crédito Pessoal,14376.65,12,1668.11,0.0,0,Quitado,2025-05-08
100158,142,Refinanciamento,14482.06,24,901.84,0.0,0,Quitado,2024-03-14
100159,143,Crédito Pessoal,10283.15,30,707.54,8678.98,35,Inadimplente,2025-12-27
100160,143,Crédito Pessoal,9847.1,36,633.82,8353.63,0,Em dia,2025-11-21
100161,144,Financiamento Veicular,64094.57,48,2175.55,43263.84,9,Atrasado,2024-10-27
100162,145,Crédito Pessoal,4444.34,18,395.19,0.0,0,Quitado,2024-07-09
100163,146,Refinanciamento,10870.42,48,470.76,6807.6,0,Em dia,2024-07-11
100164,147,Consignado,9743.01,36,413.61,8054.22,0,Em dia,2025-10-27
100165,148,Crédito Pessoal,35985.85,30,2476.02,35985.85,0,Em dia,2026-06-23
100166,149,Crédito Pessoal,14372.85,24,1092.85,4096.26,27,atrasado,2024-08-26
100167,150,Refinanciamento,40419.7,36,1992.05,29910.58,0,Em dia,2025-06-08
100168,151,Financiamento Veicular,51139.56,36,2071.36,22330.94,0,Em dia,2024-04-18
100169,152,Crédito Pessoal,10421.37,24,792.4,0.0,0,Quitado,2024-05-24
100170,153,Crédito Pessoal,8253.64,18,733.91,7538.32,0,Em dia,2026-04-14
100171,154,Crédito Pessoal,7437.15,24,565.49,0.0,0,Quitado,2024-03-20
100172,155,Consignado,15031.45,24,840.45,7215.1,0,Em dia,2025-02-21
100173,156,Consignado,13489.04,24,754.21,9981.89,0,Em dia,2025-10-30
100174,157,Crédito Pessoal,13219.0,24,1005.12,6774.74,19,Atrasado,2025-03-03
100175,158,Crédito Pessoal,9229.95,12,1070.94,9229.95,0,Em dia,2026-06-03
100176,159,Crédito Pessoal,5672.44,30,390.29,2280.32,0,Em dia,2024-07-27
100177,160,Crédito Pessoal,5644.31,12,654.91,0.0,0,Quitado,2025-02-19
100178,161,Financiamento Veicular,31034.57,36,1257.02,0.0,0,Quitado,2024-01-16
100179,162,Crédito Pessoal,5773.2,36,371.6,4647.42,0,Em dia,2025-09-29
100180,163,Crédito Pessoal,19754.59,18,1756.58,9482.2,110,Inadimplente,2025-06-17
100181,164,Financiamento Veicular,34776.43,36,1408.58,20460.13,0,Em dia,2024-11-04
100182,165,Consignado,36300.23,24,2029.65,25682.41,0,Em dia,2025-09-14
100183,166,Consignado,17529.28,36,744.15,14490.87,0,Em dia,2025-10-17
100184,167,Financiamento Veicular,54109.92,48,1836.64,33886.34,127,Inadimplente,2024-07-06
100185,168,Crédito Pessoal,2000.0,18,177.84,0.0,0,Quitado,2024-09-09
100186,169,Crédito Pessoal,14254.03,36,917.48,13945.19,102,Inadimplente,2026-05-12
100187,170,Consignado,8821.87,48,317.64,7675.03,0,Em dia,2025-10-26
100188,170,Consignado,17711.84,48,637.73,13682.4,0,Em dia,2025-04-02
100189,171,Refinanciamento,21630.89,36,1066.06,11320.16,0,Em dia,2024-08-28
100190,171,Financiamento Veicular,35781.08,36,1449.28,34230.57,35,Inadimplente,2026-04-09
100191,172,Crédito Pessoal,13092.85,30,900.86,8667.47,142,Inadimplente,2025-05-31
100192,173,Refinanciamento,27825.94,36,1371.38,26017.26,55,Inadimplente,2026-03-07
100193,174,Credito Pessoal,12998.96,18,1155.87,0.0,0,Quitado,2024-01-27
100194,175,Financiamento Veicular,46898.69,36,1899.58,23527.51,0,Em dia,2024-07-17
100195,176,Financiamento Veicular,22197.96,36,899.11,19312.23,0,Em dia,2025-12-03
100196,177,Crédito Pessoal,38241.16,24,2907.7,0.0,0,Quitado,2024-06-11
100197,177,Consignado,10107.71,60,327.02,6822.7,0,Em dia,2024-05-27
100198,178,Consignado,9346.53,36,396.77,5498.87,0,Em dia,2024-11-22
100199,179,Consignado,15118.78,48,544.37,13399.02,0,Em dia,2025-11-26
100200,180,Crédito Pessoal,9482.81,36,610.37,3729.9,0,Em dia,2024-02-19
100201,181,Consignado,14850.43,24,830.33,4715.01,0,Em dia,2024-09-15
100202,182,Financiamento Veicular,47189.99,48,1601.76,34153.75,0,Em dia,2025-01-19
100203,183,Financiamento Veicular,53756.59,48,1824.65,34538.61,0,Em dia,2024-08-23
100204,184,Financiamento Veicular,23879.13,48,810.52,16506.45,0,Em dia,2024-11-13
100205,184,Consignado,6507.02,48,234.29,5978.32,35,Inadimplente,2026-01-20
100206,185,Consignado,13087.84,60,423.44,11046.13,46,Inadimplente,2025-06-08
100207,186,Consignado,9584.43,24,535.89,0.0,0,Quitado,2024-02-25
100208,187,Crédito Pessoal,19638.9,24,1493.26,11979.73,0,Em dia,2025-06-30
100209,188,Crédito Pessoal,7756.69,36,499.27,7420.56,30,Atrasado,2026-04-28
100210,189,Financiamento Veicular,34433.12,48,1168.75,19885.13,0,Em dia,2024-04-08
100211,190,Crédito Pessoal,8299.53,24,631.06,0.0,0,Quitado,2024-01-12
100212,191,Refinanciamento,23188.11,48,1004.2,20173.66,0,Em dia,2025-10-23
100213,192,Consignado,15850.14,36,672.86,0.0,0,Quitado,2024-01-01
100214,193,Crédito Pessoal,16565.44,12,1922.08,13335.18,0,Em dia,2026-03-08
100215,194,Crédito Pessoal,6805.74,30,468.27,2735.91,0,Em dia,2024-07-23
100216,195,Crédito Pessoal,3462.42,36,222.86,1661.96,141,Inadimplente,2024-06-27
100217,196,Refinanciamento,16891.41,36,832.48,15061.5,0,Em dia,2026-01-02
100218,196,Consignado,13113.92,60,424.28,8510.93,0,Em dia,2024-03-23
100219,197,Crédito Pessoal,4567.97,18,406.18,2984.41,0,Em dia,2025-10-21
100220,198,Financiamento Veicular,41152.52,48,1396.83,37140.15,0,Em dia,2025-12-29
100221,199,Financiamento Veicular,47729.82,60,1440.38,34699.58,0,Em dia,2024-09-28
100222,200,Crédito Pessoal,14350.07,36,923.66,5333.44,0,Em dia,2024-01-16
100223,201,Crédito Pessoal,6469.28,18,575.25,5347.94,0,Em dia,2026-02-03
100224,202,Consignado,15644.42,60,506.15,15441.04,0,Em dia,2026-05-22
100225,203,Refinanciamento,10824.49,36,533.48,7541.06,0,Em dia,2025-04-28
100226,204,Consignado,6437.03,36,273.26,5042.34,0,Em dia,2025-08-07
100227,205,Consignado,29103.95,36,1235.51,0.0,0,Quitado,2024-05-28
100228,206,Crédito Pessoal,6985.13,18,621.12,5169.0,143,inadimplente,2025-12-18
100229,207,Financiamento Veicular,26187.25,60,790.27,16655.09,0,Em dia,2024-02-17
100230,208,Financiamento Veicular,58856.83,60,1776.17,53500.86,0,Em dia,2025-11-11
100231,209,Refinanciamento,14017.6,24,872.92,4450.59,2,Atrasado,2024-09-09
100232,210,Refinanciamento,41606.02,48,1801.81,23351.38,0,Em dia,2024-03-30
100233,211,Crédito Pessoal,12629.98,12,1465.45,10167.13,41,Inadimplente,2026-03-21
100234,212,Crédito Pessoal,6772.17,24,514.93,2150.17,108,Inadimplente,2024-09-19
100235,213,Financiamento Veicular,39017.62,60,1177.46,32423.64,0,Em dia,2025-05-30
100236,214,Financiamento Veicular,51807.51,36,2098.41,34970.07,46,Inadimplente,2025-03-22
100237,215,Consignado,9229.78,36,391.82,8229.88,0,Em dia,2026-01-01
100238,216,Crédito Pessoal,2424.65,12,281.33,0.0,0,Quitado,2025-06-20
100239,217,Refinanciamento,17148.83,24,1067.91,7116.76,0,Em dia,2024-12-22
100240,218,Crédito Pessoal,9855.98,30,678.14,7293.43,0,Em dia,2025-08-29
100241,219,Refinanciamento,15330.19,36,755.54,14665.88,0,Em dia,2026-04-14
100242,220,Crédito Pessoal,6612.46,12,767.24,0.0,0,Quitado,2025-05-17
100243,221,Financiamento Veicular,98476.13,60,2971.79,74152.52,0,Em dia,2024-11-30
100244,222,Refinanciamento,12039.66,24,749.74,6170.33,87,Inadimplente,2025-03-08
100245,223,Consignado,10072.23,36,427.58,6362.29,0,Em dia,2025-01-23
100246,224,Crédito Pessoal,15620.08,36,1005.41,14266.34,0,Em dia,2026-02-11
100247,225,Consignado,23573.24,36,1000.72,23573.24,0,Em dia,2026-06-07
100248,225,Financiamento Veicular,33834.92,36,1370.45,23571.66,0,Em dia,2025-04-19
100249,226,Crédito Pessoal,10587.95,30,728.51,8385.66,37,Inadimplente,2025-10-20
100250,227,Financiamento Veicular,38278.39,60,1155.16,26335.53,0,Em dia,2024-06-07
100251,228,Consignado,17453.39,48,628.43,10646.57,0,Em dia,2024-06-13
100252,229,Refinanciamento,21333.67,24,1328.51,0.0,0,Quitado,2024-06-17
100253,230,Crédito Pessoal,3243.94,18,288.45,2822.23,0,Em dia,2026-03-24
100254,230,Crédito Pessoal,26904.18,12,3121.67,12914.01,29,Atrasado,2025-10-15
100255,231,Crédito Pessoal,8743.91,30,601.63,8516.57,0,Em dia,2026-05-24
100256,232,Consignado,15099.61,60,488.52,9407.06,0,Em dia,2024-01-23
100257,233,Financiamento Veicular,24483.1,48,831.02,22096.0,0,Em dia,2025-12-18
100258,234,Crédito Pessoal,4321.64,36,278.17,4228.0,4,Atrasado,2026-05-22
100259,235,Crédito Pessoal,6198.3,12,719.18,0.0,0,Quitado,2025-03-05
100260,236,Financiamento Veicular,20480.52,36,829.54,11161.88,0,Em dia,2024-09-13
100261,237,Financiamento Veicular,50386.97,60,1520.56,45801.76,0,Em dia,2025-11-22
100262,237,Refinanciamento,12507.64,36,616.43,11694.64,0,Em dia,2026-03-07
100263,238,Crédito Pessoal,10104.52,24,768.31,6492.15,0,Em dia,2025-07-10
100264,239,Crédito Pessoal,4612.31,24,350.7,0.0,0,Quitado,2024-04-13
100265,240,Crédito Pessoal,21041.1,30,1447.74,14476.27,0,Em dia,2025-06-08
100266,241,Crédito Pessoal,3423.97,30,235.59,1465.46,0,Em dia,2024-08-03
100267,242,Refinanciamento,13027.73,48,564.18,11122.43,39,Inadimplente,2025-09-20
100268,243,Crédito Pessoal,10391.07,12,1205.67,0.0,0,Quitado,2025-03-04
100269,244,Financiamento Veicular,81882.75,60,2471.04,59528.76,0,Em dia,2024-09-28
100270,245,Refinanciamento,23937.84,24,1490.68,21603.9,0,Em dia,2026-03-31
100271,246,Refinanciamento,13499.56,24,840.66,12622.09,0,Em dia,2026-04-09
100272,247,Financiamento Veicular,33750.08,36,1367.01,20587.55,0,Em dia,2024-12-27
100273,248,Crédito Pessoal,15073.17,24,1146.1,13113.65,57,Inadimplente,2026-02-17
100274,249,Financiamento Veicular,28556.33,36,1156.65,15563.2,0,Em dia,2024-09-30
100275,250,Financiamento Veicular,36494.23,48,1238.71,19296.32,0,Em dia,2024-01-03
100276,251,Consignado,12833.2,48,462.07,10122.19,0,Em dia,2025-05-06
100277,252,Refinanciamento,22032.91,24,1372.05,8427.59,57,Inadimplente,2024-11-06
100278,252,Consignado,14564.9,48,524.42,13854.86,0,Em dia,2026-03-13
100279,253,Consignado,18508.98,24,1034.89,5275.06,0,Em dia,2024-08-02
100280,254,Crédito Pessoal,7266.18,18,646.11,6951.32,0,Em dia,2026-05-24
100281,255,Crédito Pessoal,12008.93,30,826.28,11072.23,0,Em dia,2026-03-21
100282,256,Refinanciamento,33401.65,24,2080.02,25802.78,0,Em dia,2025-11-15
100283,257,Crédito Pessoal,6026.83,30,414.68,5086.65,57,Inadimplente,2025-12-10
100284,258,Refinanciamento,16943.64,48,733.77,10060.29,0,Em dia,2024-05-01
100285,259,Consignado,21732.47,24,1215.12,12550.5,0,Em dia,2025-05-10
100286,260,Consignado,16176.23,24,904.46,0.0,0,Quitado,2024-06-13
100287,261,Consignado,9995.2,48,359.89,9832.78,0,Em dia,2026-05-10
100288,262,Financiamento Veicular,47882.15,36,1939.42,39582.58,0,Em dia,2025-10-14
100289,263,Crédito Pessoal,11916.0,24,906.04,11141.46,0,Em dia,2026-04-08
100290,263,Consignado,8313.33,36,352.91,3269.91,0,Em dia,2024-02-04
100291,264,Crédito Pessoal,10013.04,24,761.35,4155.41,0,Em dia,2024-12-15
100292,265,Crédito Pessoal,13514.38,30,929.86,7189.65,0,Em dia,2024-12-16
100293,266,Crédito Pessoal,7844.36,30,539.73,4581.11,0,Em dia,2025-02-17
100294,267,Crédito Pessoal,4618.37,18,410.67,3217.47,37,Inadimplente,2025-11-01
100295,268,Crédito Pessoal,12086.89,36,777.99,9991.83,0,Em dia,2025-10-12
100296,269,Consignado,7775.69,60,251.57,6663.77,0,Em dia,2025-07-12
100297,270,Crédito Pessoal,4597.34,30,316.32,3521.56,125,Inadimplente,2025-09-15
100298,270,Refinanciamento,17080.22,48,739.68,12361.81,0,Em dia,2025-01-20
100299,271,Consignado,21654.76,24,1210.78,0.0,0,Quitado,2024-08-05
100300,272,Crédito Pessoal,6054.66,18,538.38,6054.66,0,Em dia,2026-06-09
100301,273,Consignado,13093.18,48,471.43,13093.18,0,Em dia,2026-06-11
100302,274,Crédito Pessoal,27765.16,24,2111.15,7010.7,0,Em dia,2024-07-08
100303,275,Consignado,17868.22,24,999.06,10318.9,76,Inadimplente,2025-05-24
100304,276,Consignado,13031.39,60,421.61,10659.68,0,Em dia,2025-04-02
100305,277,Refinanciamento,18125.76,48,784.96,11056.71,0,Em dia,2024-06-08
100306,278,Consignado,17844.83,36,757.54,8565.52,0,Em dia,2024-06-04
100307,278,Crédito Pessoal,12930.97,12,1500.37,12090.46,0,Em dia,2026-05-29
100308,279,Crédito Pessoal,8183.63,36,526.75,4460.08,0,Em dia,2024-09-05
100309,280,Crédito Pessoal,4467.27,18,397.23,3499.36,0,Em dia,2026-01-17
100310,281,Consignado,9274.98,48,333.95,5054.86,62,Inadimplente,2024-02-23
100311,282,Financiamento Veicular,20075.31,60,605.83,13028.87,0,Em dia,2024-03-22
100312,283,Refinanciamento,21056.34,36,1037.74,16950.36,0,Em dia,2025-09-15
100313,284,Consignado,18949.82,36,804.45,8685.33,0,Em dia,2024-05-28
100314,285,Crédito Pessoal,13924.92,30,958.11,9218.29,0,Em dia,2025-05-03
100315,286,Financiamento Veicular,44657.5,60,1347.66,34207.64,51,Inadimplente,2024-12-07
100316,287,Financiamento Veicular,45562.08,48,1546.5,45562.08,0,Em dia,2026-06-09
100317,288,Consignado,21824.56,48,785.82,18278.07,0,Em dia,2025-08-21
100318,289,Financiamento Veicular,22204.41,60,670.08,21049.78,0,Em dia,2026-02-28
100319,290,Crédito Pessoal,2019.18,24,153.53,706.71,0,Em dia,2024-10-01
100320,291,Refinanciamento,18351.02,24,1142.77,6422.86,0,Em dia,2024-10-22
100321,292,Consignado,10517.1,48,378.68,10346.2,0,Em dia,2026-05-21
100322,293,Consignado,26105.98,24,1459.66,16773.09,0,Em dia,2025-07-06
100323,294,Financiamento Veicular,48770.6,36,1975.4,28693.37,0,Em dia,2024-11-12
100324,295,Crédito Pessoal,15249.09,24,1159.48,10293.13,0,Em dia,2025-08-23
100325,296,Crédito Pessoal,9140.81,24,695.03,8249.58,0,Em dia,2026-03-01
100326,297,Crédito Pessoal,9713.58,36,625.23,5714.82,0,Em dia,2024-11-24
100327,298,Crédito Pessoal,15737.93,18,1399.42,14373.97,19,Atrasado,2026-04-05
100328,299,Financiamento Veicular,49794.47,36,2016.88,0.0,0,Quitado,2024-09-09
100329,300,Crédito Pessoal,6472.57,30,445.35,5967.71,0,Em dia,2026-03-17
100330,301,Crédito Pessoal,17658.3,36,1136.6,6563.0,0,Em dia,2024-01-22
100331,301,Financiamento Veicular,27364.03,60,825.78,22739.51,0,Em dia,2025-05-12
100332,302,Crédito Pessoal,15051.04,12,1746.36,0.0,0,Quitado,2025-04-02
100333,303,Refinanciamento,54999.3,36,2710.59,53807.65,0,Em dia,2026-05-13
100334,304,Crédito Pessoal,14592.0,12,1693.1,0.0,0,Quitado,2024-02-05
100335,305,Consignado,9392.43,24,525.16,9392.43,0,Em dia,2026-06-02
100336,306,Refinanciamento,11843.87,36,583.72,6968.14,0,Em dia,2024-11-22
100337,306,Refinanciamento,8007.77,48,346.79,6446.25,0,Em dia,2025-06-02
100338,307,Refinanciamento,13912.86,48,602.52,8939.01,0,Em dia,2024-08-15
100339,308,Crédito Pessoal,6956.76,36,447.78,2585.6,126,Inadimplente,2024-01-29
100340,309,Consignado,28919.14,60,935.63,18392.58,0,Em dia,2024-02-27
100341,310,Crédito Pessoal,13785.39,24,1048.18,9305.14,0,Em dia,2025-08-26
100342,310,Crédito Pessoal,9166.48,24,696.98,4102.0,46,Inadimplente,2025-01-15
100343,311,Consignado,19371.55,36,822.35,16433.53,0,Em dia,2025-11-24
100344,312,Financiamento Veicular,47353.12,36,1917.99,46327.14,0,Em dia,2026-05-02
100345,313,Refinanciamento,9221.11,24,574.22,8322.05,30,Atrasado,2026-03-07
100346,314,Crédito Pessoal,3628.62,12,421.03,0.0,0,Quitado,2025-04-08
100347,315,Crédito Pessoal,8469.95,12,982.76,4065.58,0,Em dia,2025-10-05
100348,316,Crédito Pessoal,12102.78,30,832.74,8641.38,0,Em dia,2025-07-20
100349,317,Crédito Pessoal,4379.2,18,389.4,0.0,0,Quitado,2024-06-08
100350,318,Crédito Pessoal,15719.57,18,1397.78,0.0,0,Quitado,2024-09-23
100351,319,Refinanciamento,13361.53,24,832.06,0.0,0,Quitado,2024-06-06
100352,320,Refinanciamento,15916.86,48,689.3,10226.59,0,Em dia,2024-08-04
100353,320,Crédito Pessoal,9293.7,18,826.39,2447.34,8,Atrasado,2025-01-08
100354,321,Crédito Pessoal,4147.17,24,315.33,2125.43,98,Inadimplente,2025-03-01
100355,322,Consignado,21069.36,60,681.67,20521.55,0,Em dia,2026-04-06
100356,323,Financiamento Veicular,35341.78,60,1066.53,26152.91,0,Em dia,2024-10-20
100357,324,Crédito Pessoal,15269.03,36,982.81,7659.96,55,Inadimplente,2024-07-04
100358,325,Crédito Pessoal,6813.84,36,438.58,2827.74,0,Em dia,2024-03-22
100359,326,Financiamento Veicular,81964.73,36,3319.9,41118.97,0,Em dia,2024-07-29
100360,327,Crédito Pessoal,8167.68,24,621.04,0.0,0,Quitado,2024-07-26
100361,328,Financiamento Veicular,41031.76,36,1661.95,30363.5,0,Em dia,2025-06-14
100362,329,Financiamento Veicular,48847.17,48,1658.01,28209.24,0,Em dia,2024-04-02
100363,330,Financiamento Veicular,38067.73,48,1292.12,25077.12,0,Em dia,2024-09-11
100364,331,Crédito Pessoal,11966.57,24,909.89,8077.43,127,Inadimplente,2025-08-11
100365,332,Refinanciamento,3273.96,24,203.88,0.0,0,Quitado,2024-05-03
100366,333,Financiamento Veicular,54381.74,48,1845.87,51730.63,0,Em dia,2026-03-08
100367,334,Crédito Pessoal,15084.61,12,1750.26,10182.11,0,Em dia,2026-01-18
100368,335,Consignado,12338.17,24,689.86,3917.37,0,Em dia,2024-09-06
100369,336,Crédito Pessoal,14115.85,24,1073.31,9069.43,73,Inadimplente,2025-07-22
100370,337,Financiamento Veicular,27237.76,48,924.52,14401.96,0,Em dia,2024-01-19
100371,338,Crédito Pessoal,11158.27,30,767.75,3615.28,36,Inadimplente,2024-04-15
100372,339,Crédito Pessoal,4766.4,30,327.95,3527.13,0,Em dia,2025-08-22
100373,339,Crédito Pessoal,4142.76,30,285.04,4142.76,0,Em dia,2026-06-24
100374,340,Crédito Pessoal,28328.48,36,1823.4,19735.51,57,Inadimplente,2025-04-18
100375,341,Consignado,17392.85,60,562.72,15357.89,0,Em dia,2025-09-03
100376,341,Crédito Pessoal,35186.4,12,4082.65,28325.05,0,Em dia,2026-03-06
100377,342,Financiamento Veicular,19809.15,60,597.8,19294.11,0,Em dia,2026-04-03
100378,343,Consignado,24815.35,48,893.5,19976.36,0,Em dia,2025-06-13
100379,344,Financiamento Veicular,50347.2,60,1519.36,45111.09,36,Inadimplente,2025-10-09
100380,345,Consignado,19086.2,24,1067.16,5439.57,0,Em dia,2024-08-18
100381,345,Financiamento Veicular,20583.01,48,698.64,17907.22,0,Em dia,2025-10-10
100382,346,Crédito Pessoal,9362.68,36,602.64,5102.66,0,em dia,2024-09-29
100383,347,Financiamento Veicular,39066.31,36,1582.34,31448.38,31,Inadimplente,2025-09-28
100384,348,Refinanciamento,13689.15,36,674.66,5977.6,0,Em dia,2024-04-25
100385,349,Consignado,16778.4,48,604.12,9416.88,0,Em dia,2024-03-27
100386,350,Crédito Pessoal,3225.81,18,286.84,3225.81,0,Em dia,2026-06-25
100387,351,Crédito Pessoal,4638.01,12,538.14,3130.65,0,Em dia,2026-01-28
100388,352,Consignado,15670.99,60,507.01,10985.36,0,Em dia,2024-07-25
100389,353,Crédito Pessoal,5243.87,30,360.81,3335.1,103,Inadimplente,2025-04-25
100390,354,Consignado,15040.51,60,486.61,13085.24,0,Em dia,2025-08-22
100391,355,Refinanciamento,23362.7,36,1151.41,17794.59,29,Atrasado,2025-07-24
100392,356,Crédito Pessoal,11765.29,12,1365.12,0.0,0,Quitado,2024-06-11
100393,357,Crédito Pessoal,6149.68,12,713.54,0.0,0,Quitado,2025-06-13
100394,358,Financiamento Veicular,100972.42,36,4089.79,74719.59,0,Em dia,2025-06-17
100395,359,Crédito Pessoal,13050.15,24,992.28,10081.24,0,Em dia,2025-11-15
100396,360,Financiamento Veicular,23546.8,60,710.59,15587.98,0,Em dia,2024-04-07
100397,361,Consignado,13380.77,36,568.03,8742.1,131,Inadimplente,2025-02-26
100398,362,Consignado,34022.65,36,1444.32,22965.29,0,Em dia,2025-03-03
100399,363,Crédito Pessoal,7611.26,30,523.7,6423.9,0,Em dia,2025-12-10
100400,364,Crédito Pessoal,6093.58,36,392.22,4905.33,0,Em dia,2025-09-01
100401,365,financiamento veicular,41985.41,48,1425.1,30386.94,0,Em dia,2025-01-24
100402,366,Crédito Pessoal,17624.78,36,1134.44,11132.98,103,Inadimplente,2025-01-21
100403,367,Financiamento Veicular,24258.61,36,982.57,14272.15,0,Em dia,2024-11-29
100404,368,Crédito Pessoal,7549.82,12,876.0,0.0,0,Quitado,2024-09-19
100405,369,Refinanciamento,30128.25,36,1484.85,22947.68,0,Em dia,2025-07-05
100406,370,Financiamento Veicular,34650.48,48,1176.13,25641.35,105,Inadimplente,2025-02-02
100407,371,Crédito Pessoal,8431.11,12,978.25,0.0,0,Quitado,2025-06-21
100408,372,Consignado,11164.56,36,473.95,11164.56,0,Em dia,2026-06-19
100409,373,Financiamento Veicular,26726.92,60,806.56,20472.82,0,Em dia,2024-12-17
100410,374,Crédito Pessoal,11435.51,24,869.51,0.0,0,Quitado,2024-03-17
100411,374,Consignado,15035.83,24,840.7,11615.18,0,Em dia,2025-11-02
100412,375,Refinanciamento,12163.33,36,599.46,10055.02,0,Em dia,2025-10-08
100413,376,Consignado,14962.39,36,635.18,9775.43,0,Em dia,2025-02-26
100414,377,Crédito Pessoal,5025.19,12,583.07,3065.36,0,Em dia,2025-12-09
100415,378,Financiamento Veicular,17732.28,36,718.23,10432.49,1,Atrasado,2024-11-07
100416,379,Crédito Pessoal,10230.55,30,703.92,9166.58,0,Em dia,2026-02-26
100417,380,Consignado,24338.74,36,1033.22,19065.35,0,Em dia,2025-08-11
100418,381,Consignado,17408.34,24,973.35,0.0,0,Quitado,2024-01-30
100419,382,Consignado,8243.44,60,266.7,7278.96,0,Em dia,2025-09-19
100420,383,Financiamento Veicular,35142.24,60,1060.51,26462.1,9,Atrasado,2024-11-26
100421,384,Crédito Pessoal,4901.74,12,568.74,4583.12,0,Em dia,2026-05-29
100422,385,Consignado,13727.97,60,444.15,8552.52,0,Em dia,2024-01-21
100423,386,Refinanciamento,36975.38,36,1822.3,14543.65,0,Em dia,2024-02-25
100424,387,Refinanciamento,6445.72,24,401.39,0.0,0,Quitado,2024-11-18
100425,387,Consignado,14900.17,60,482.07,13156.85,0,Em dia,2025-09-09
100426,388,Crédito Pessoal,9569.85,30,658.46,7828.13,0,Em dia,2025-11-22
100427,389,Financiamento Veicular,33505.02,48,1137.25,17715.78,6,Atrasado,2024-01-23
100428,390,Crédito Pessoal,5676.74,12,658.67,5676.74,0,Em dia,2026-06-22
100429,391,Consignado,15464.17,60,500.32,11845.55,0,Em dia,2024-12-09
100430,391,Crédito Pessoal,12021.68,24,914.08,7723.93,10,Atrasado,2025-07-21
100431,392,Consignado,18579.37,48,668.97,16465.97,0,Em dia,2025-11-11
100432,393,Crédito Pessoal,9235.79,18,821.25,0.0,0,Quitado,2024-10-03
100433,394,Consignado,22097.64,60,714.93,21810.37,0,Em dia,2026-05-06
100434,395,Crédito Pessoal,6934.73,30,477.15,3869.58,0,Em dia,2025-01-20
100435,396,Consignado,16079.92,36,682.62,8415.16,0,Em dia,2024-08-20
100436,397,Refinanciamento,17395.66,48,753.34,13155.47,0,Em dia,2025-03-26
100437,398,Consignado,11739.1,36,498.34,5380.42,0,Em dia,2024-05-08
100438,399,Consignado,20654.47,48,743.68,18976.3,0,Em dia,2026-01-23
100439,400,Consignado,11749.63,48,423.06,6212.62,0,Em dia,2024-01-16
100440,401,Financiamento Veicular,33352.29,48,1132.07,20886.87,0,Em dia,2024-07-11
100441,402,Crédito Pessoal,8846.78,36,569.44,8080.06,40,Inadimplente,2026-02-15
100442,403,Crédito Pessoal,6541.07,30,450.06,3139.71,0,Em dia,2024-10-16
100443,403,Consignado,10515.22,36,446.39,5958.62,0,Em dia,2024-10-10
100444,404,Financiamento Veicular,48757.85,48,1654.97,25780.71,0,Em dia,2024-01-26
100445,405,Financiamento Veicular,43965.04,48,1492.29,38249.58,0,Em dia,2025-10-05
100446,406,Consignado,13000.4,36,551.89,11310.35,0,Em dia,2025-12-30
100447,407,Consignado,12299.86,48,442.87,7502.91,40,Inadimplente,2024-06-08
100448,408,Refinanciamento,20715.49,48,897.11,20378.86,0,Em dia,2026-05-09
100449,409,Refinanciamento,29743.35,48,1288.08,26843.37,0,Em dia,2025-12-01
100450,410,Financiamento Veicular,28359.46,60,855.82,20986.0,0,Em dia,2024-10-20
100451,410,Consignado,25480.24,24,1424.67,8089.98,101,Inadimplente,2024-09-07
100452,411,Refinanciamento,17316.04,48,749.9,9718.63,0,Em dia,2024-03-29
100453,412,Consignado,15838.11,36,672.35,8974.93,0,Em dia,2024-10-14
100454,413,Consignado,14224.53,48,512.17,12837.63,0,Em dia,2025-12-09
100455,414,Consignado,5577.99,24,311.88,4309.0,0,Em dia,2025-11-23
100456,415,Refinanciamento,32377.76,24,2016.25,18698.16,132,Inadimplente,2025-05-16
100457,416,Consignado,8394.02,36,356.34,6393.44,0,Em dia,2025-07-10
100458,417,Crédito Pessoal,10702.94,12,1241.85,0.0,0,Quitado,2024-07-25
100459,418,Financiamento Veicular,58213.48,48,1975.92,51591.7,0,Em dia,2025-11-17
100460,419,Financiamento Veicular,43152.88,36,1747.86,35673.05,0,Em dia,2025-10-18
100461,419,Refinanciamento,19342.92,24,1204.54,13056.47,0,Em dia,2025-08-24
100462,420,Consignado,16779.76,36,712.33,14234.83,0,Em dia,2025-11-24
100463,421,Financiamento Veicular,32714.53,36,1325.07,14285.34,123,Inadimplente,2024-04-27
100464,422,Crédito Pessoal,6468.89,24,491.87,2474.35,0,Em dia,2024-11-07
100465,423,Crédito Pessoal,3026.51,24,230.12,1551.09,0,Em dia,2025-03-31
100466,424,Crédito Pessoal,26129.48,12,3031.78,0.0,0,Quitado,2025-04-24
100467,425,Crédito Pessoal,7421.23,24,564.28,6215.28,46,Inadimplente,2026-01-26
100468,426,Consignado,13690.96,48,492.96,7239.09,0,Em dia,2024-01-09
100469,427,Consignado,27070.82,48,974.71,23551.61,0,Em dia,2025-10-30
100470,428,Financiamento Veicular,63297.82,36,2563.81,35868.76,0,Em dia,2024-10-30
100471,428,Consignado,18140.94,36,770.11,7921.55,0,Em dia,2024-04-14
100472,429,Crédito Pessoal,7795.73,18,693.2,5093.21,0,Em dia,2025-10-24
100473,430,Consignado,16375.12,48,589.6,16109.02,0,Em dia,2026-05-07
100474,431,Consignado,16814.63,60,544.01,10694.1,0,Em dia,2024-02-21
100475,431,Consignado,11025.58,36,468.05,6486.71,0,Em dia,2024-11-02
100476,432,Crédito Pessoal,13823.9,18,1229.22,4838.36,0,Em dia,2025-03-29
100477,433,Financiamento Veicular,29816.42,48,1012.05,18672.53,0,Em dia,2024-07-14
100478,434,Consignado,19285.14,60,623.94,13017.47,0,Em dia,2024-05-26
100479,434,Consignado,15573.72,60,503.86,15573.72,0,Em dia,2026-06-30
100480,435,Financiamento Veicular,40909.02,60,1234.54,28145.41,133,Inadimplente,2024-06-17
100481,436,Consignado,8679.62,60,280.82,5633.08,0,Em dia,2024-03-28
100482,437,Consignado,13108.37,36,556.47,8564.13,0,Em dia,2025-02-14
100483,438,Crédito Pessoal,9911.35,24,753.62,7012.28,0,Em dia,2025-09-15
100484,439,Crédito Pessoal,4712.41,18,419.03,0.0,0,Quitado,2024-11-02
100485,440,Consignado,19293.83,36,819.05,10097.1,0,Em dia,2024-08-15
100486,441,Financiamento Veicular,32894.52,48,1116.53,27014.62,0,Em dia,2025-07-22
100487,441,Consignado,20915.56,60,676.69,16565.13,0,Em dia,2025-02-09
100488,442,Crédito Pessoal,9249.85,12,1073.25,0.0,0,Quitado,2024-08-14
100489,443,Crédito Pessoal,6776.82,36,436.2,5749.0,0,Em dia,2025-11-17
100490,444,Crédito Pessoal,11801.52,36,759.62,10267.33,0,Em dia,2025-12-14
100491,445,Crédito Pessoal,7494.62,30,515.67,6130.6,0,Em dia,2025-11-26
100492,446,Consignado,8429.09,24,471.29,6237.53,0,Em dia,2025-10-03
100493,447,Financiamento Veicular,45667.75,48,1550.09,37504.64,0,Em dia,2025-07-11
100494,447,Consignado,19647.1,24,1098.52,0.0,0,Quitado,2024-05-20
100495,448,Crédito Pessoal,21314.65,12,2473.12,0.0,0,Quitado,2025-01-16
100496,449,Refinanciamento,26205.45,36,1291.51,15417.54,0,Em dia,2024-11-03
100497,450,Crédito Pessoal,22981.98,18,2043.56,12027.24,0,Em dia,2025-07-30
100498,451,Crédito Pessoal,11259.97,24,856.16,10528.07,0,Em dia,2026-04-03
100499,452,Crédito Pessoal,34026.84,24,2587.26,20756.37,0,Em dia,2025-06-09
100500,453,Crédito Pessoal,12154.94,36,782.37,7414.51,0,Em dia,2024-12-27
100501,454,Crédito Pessoal,6235.29,18,554.44,0.0,0,Quitado,2024-09-17
100502,455,Crédito Pessoal,4368.19,36,281.16,2948.53,75,Inadimplente,2025-03-26
100503,456,Crédito Pessoal,13364.76,18,1188.39,6994.23,0,Em dia,2025-07-21
100504,456,Financiamento Veicular,50827.51,36,2058.72,39814.88,0,Em dia,2025-08-25
100505,457,Financiamento Veicular,24350.11,48,826.51,0.0,0,Quitado,2024-01-15
100506,458,Consignado,16200.46,24,905.81,14620.91,0,Em dia,2026-03-30
100507,459,Consignado,11645.91,60,376.78,11494.51,0,Em dia,2026-05-13
100508,460,Crédito Pessoal,12391.04,36,797.57,9169.37,7,Atrasado,2025-06-13
100509,461,Crédito Pessoal,15896.69,36,1023.21,6252.7,0,Em dia,2024-02-14
100510,462,Crédito Pessoal,12103.42,30,832.78,7068.4,0,Em dia,2025-02-01
100511,463,Consignado,80358.07,36,3411.33,29866.42,0,Em dia,2024-01-22
100512,464,Consignado,15030.65,36,638.07,8517.37,94,Inadimplente,2024-10-06
100513,465,Consignado,18890.31,36,801.92,16434.57,0,Em dia,2025-12-16
100514,466,Financiamento Veicular,38494.46,48,1306.61,33490.18,26,Atrasado,2025-10-10
100515,467,Financiamento Veicular,27923.57,36,1131.02,23688.5,0,Em dia,2025-11-28
100516,468,Crédito Pessoal,4536.01,18,403.34,0.0,0,Quitado,2024-12-24
100517,469,Crédito Pessoal,27235.95,24,2070.91,21039.77,0,Em dia,2025-11-18
100518,470,Crédito Pessoal,10965.59,18,975.06,10015.24,0,Em dia,2026-04-08
100519,471,Crédito Pessoal,6446.69,30,443.57,3764.87,0,Em dia,2025-02-18
100520,472,Crédito Pessoal,8449.91,12,980.44,0.0,0,Quitado,2024-05-27
100521,473,Financiamento Veicular,33890.59,60,1022.74,30806.55,0,Em dia,2025-11-05
100522,474,Consignado,19846.43,24,1109.67,13396.34,0,Em dia,2025-08-21
100523,475,Crédito Pessoal,11022.68,30,758.42,9589.73,46,Inadimplente,2026-01-08
100524,476,Crédito Pessoal,13957.54,24,1061.27,8967.72,39,Inadimplente,2025-07-13
100525,477,Crédito Pessoal,11926.83,12,1383.86,0.0,0,Quitado,2025-02-13
100526,478,Crédito Pessoal,10641.09,36,684.93,8796.64,2,Atrasado,2025-10-25
100527,479,Consignado,14725.05,24,823.32,0.0,0,Quitado,2024-03-16
100528,480,Crédito Pessoal,11902.75,18,1058.39,0.0,0,Quitado,2024-01-06
100529,481,Financiamento Veicular,24873.88,60,750.64,18730.03,0,Em dia,2024-11-26
100530,482,Financiamento Veicular,40155.15,60,1211.79,33368.93,0,Em dia,2025-05-12
100531,483,Crédito Pessoal,20683.59,30,1423.14,19070.27,0,Em dia,2026-03-26
100532,484,Consignado,4516.26,60,146.12,3283.32,0,Em dia,2024-09-20
100533,485,Crédito Pessoal,11686.54,24,888.6,0.0,0,Quitado,2024-02-27
100534,485,Financiamento Veicular,30610.02,48,1038.99,18672.11,5,Atrasado,2024-06-09
100535,486,Financiamento Veicular,36336.49,48,1233.36,35155.56,0,Em dia,2026-04-13
100536,487,Financiamento Veicular,48609.62,36,1968.88,41237.16,0,Em dia,2025-11-04
100537,488,Consignado,21773.9,60,704.46,20641.66,0,Em dia,2026-02-20
100538,489,Consignado,15416.25,60,498.77,13211.73,0,Em dia,2025-07-26
100539,490,Crédito Pessoal,5921.61,12,687.08,1687.66,0,Em dia,2025-07-25
100540,491,Crédito Pessoal,11584.03,18,1030.05,3552.43,31,Inadimplente,2025-02-14
100541,492,Crédito Pessoal,3559.42,36,229.11,2556.85,0,Em dia,2025-05-28
100542,493,Consignado,13754.71,36,583.91,6602.26,0,Em dia,2024-06-30
100543,494,Consignado,13223.39,48,476.12,12578.75,0,Em dia,2026-03-07
100544,495,Crédito Pessoal,13873.93,24,1054.92,12521.22,26,Atrasado,2026-03-30
100545,496,Crédito Pessoal,11780.38,12,1366.87,0.0,0,Quitado,2024-03-08
100546,497,Financiamento Veicular,66678.66,48,2263.26,37423.4,0,Em dia,2024-03-02
100547,498,Crédito Pessoal,5763.61,18,512.5,0.0,0,Quitado,2024-02-01
100548,499,Consignado,18401.09,36,781.16,11224.67,0,Em dia,2024-12-28
100549,500,Crédito Pessoal,8795.39,30,605.17,3764.43,0,Em dia,2024-08-09
100550,501,Refinanciamento,14419.86,36,710.67,13170.14,0,Em dia,2026-02-08
100551,502,Crédito Pessoal,3465.14,18,308.12,0.0,0,Quitado,2024-06-14
100552,502,Consignado,8928.59,60,288.87,6375.01,0,Em dia,2024-08-05
100553,503,Refinanciamento,18088.72,36,891.49,7114.9,0,Em dia,2024-02-17
100554,504,Financiamento Veicular,44823.93,48,1521.45,40453.6,62,Inadimplente,2025-12-02
100555,505,Crédito Pessoal,8871.67,36,571.04,7910.57,0,Em dia,2026-01-23
100556,506,Crédito Pessoal,9556.75,30,657.56,5084.19,0,Em dia,2024-12-13
100557,507,Crédito Pessoal,18964.4,12,2200.42,6637.54,0,Em dia,2025-08-22
100558,508,Crédito Pessoal,7244.0,36,466.27,5831.42,0,Em dia,2025-09-01
100559,509,Crédito Pessoal,22982.48,24,1747.49,0.0,0,Quitado,2024-03-07
100560,509,Crédito Pessoal,3931.61,30,270.52,1376.06,89,Inadimplente,2024-05-19
100561,510,Crédito Pessoal,10081.21,36,648.89,7241.67,0,Em dia,2025-05-27
100562,511,Refinanciamento,24675.35,24,1536.6,10240.27,0,Em dia,2024-12-23
100563,512,Crédito Pessoal,6996.61,12,811.81,0.0,0,Quitado,2024-10-06
100564,513,Crédito Pessoal,30994.89,12,3596.31,0.0,0,Quitado,2024-07-20
100565,513,Crédito Pessoal,4834.57,36,311.18,3053.83,0,Em dia,2025-01-06
100566,514,Consignado,12052.53,48,433.96,9898.14,0,Em dia,2025-07-15
100567,514,Refinanciamento,15469.06,48,669.91,14212.2,0,Em dia,2026-01-04
100568,515,Crédito Pessoal,3570.95,18,317.53,940.35,0,Em dia,2025-01-31
100569,516,Refinanciamento,14317.13,48,620.02,7570.18,0,Em dia,2024-01-06
100570,517,Financiamento Veicular,39108.86,60,1180.22,30465.8,0,Em dia,2025-01-21
100571,518,Crédito Pessoal,5462.77,36,351.62,5107.69,0,Em dia,2026-03-13
100572,519,Consignado,21077.75,60,681.94,18063.63,0,Em dia,2025-07-16
100573,520,Consignado,9481.44,60,306.76,8002.34,0,Em dia,2025-06-06
100574,521,Financiamento Veicular,17293.25,60,521.87,17293.25,0,Em dia,2026-06-09
100575,522,Consignado,9856.25,48,354.88,5531.82,0,Em dia,2024-03-14
100576,523,Consignado,16910.01,48,608.86,11139.47,0,Em dia,2024-09-25
100577,524,Consignado,14915.53,60,482.57,12976.51,0,Em dia,2025-08-07
100578,525,Consignado,8366.35,36,355.16,6191.1,0,Em dia,2025-06-24
100579,526,Crédito Pessoal,6265.68,30,431.11,2355.89,0,Em dia,2024-06-30
100580,527,Financiamento Veicular,15688.04,36,635.43,9229.8,0,Em dia,2024-11-25
100581,528,Crédito Pessoal,12065.2,18,1072.84,8928.25,42,Inadimplente,2025-12-20
100582,529,Consignado,15532.83,48,559.27,11999.11,0,Em dia,2025-04-08
100583,530,Consignado,10305.7,24,576.22,5616.61,0,Em dia,2025-04-05
100584,531,Consignado,11219.02,24,627.29,8666.7,0,Em dia,2025-11-27
100585,532,Consignado,10511.29,48,378.47,9998.86,86,Inadimplente,2026-03-31
100586,533,Crédito Pessoal,12995.91,36,836.5,6519.62,0,Em dia,2024-07-01
100587,533,Refinanciamento,29938.49,36,1475.49,16316.48,0,Em dia,2024-09-04
100588,534,Consignado,10628.26,24,594.26,2683.64,0,Em dia,2024-07-25
100589,535,Financiamento Veicular,30151.63,36,1221.26,26885.2,0,Em dia,2026-01-04
100590,536,Crédito Pessoal,8756.77,30,602.51,5341.63,0,Em dia,2025-03-17
100591,537,Crédito Pessoal,3445.02,36,221.74,1578.97,0,Em dia,2024-05-12
100592,538,Financiamento Veicular,39551.74,48,1342.49,22198.41,0,Em dia,2024-03-05
100593,539,Financiamento Veicular,35549.88,48,1206.66,26306.91,0,Em dia,2025-02-06
100594,539,Refinanciamento,17428.21,24,1085.3,0.0,0,Quitado,2024-04-20
100595,540,Consignado,33457.43,60,1082.46,26498.29,33,Inadimplente,2025-02-28
100596,541,Consignado,7957.19,24,444.91,6146.93,0,Em dia,2025-11-17
100597,542,Refinanciamento,13528.77,36,666.75,10304.42,0,Em dia,2025-07-21
100598,543,Crédito Pessoal,3202.23,12,371.55,1120.78,33,Inadimplente,2025-08-07
100599,544,Crédito Pessoal,12298.54,30,846.21,3345.2,11,Atrasado,2024-02-26
100600,545,Crédito Pessoal,13504.89,30,929.21,13153.76,0,Em dia,2026-05-13
100601,546,Financiamento Veicular,40733.69,36,1649.88,23964.99,0,Em dia,2024-11-24
100602,547,Refinanciamento,42258.84,36,2082.69,31271.54,0,Em dia,2025-06-16
100603,547,Crédito Pessoal,9623.71,24,731.75,6183.24,0,Em dia,2025-07-23
100604,548,Crédito Pessoal,6647.22,18,591.07,6647.22,0,Em dia,2026-06-06
100605,549,Crédito Pessoal,5113.06,18,454.65,0.0,0,Quitado,2024-02-23
100606,550,Refinanciamento,19524.41,48,845.53,15399.88,0,Em dia,2025-05-15
100607,551,Crédito Pessoal,15017.54,30,1033.29,12674.8,101,Inadimplente,2025-12-24
100608,552,Crédito Pessoal,5220.27,36,336.01,4994.05,0,Em dia,2026-04-23
100609,552,Financiamento Veicular,23575.15,48,800.2,14763.93,0,Em dia,2024-07-24
100610,553,Consignado,18256.34,60,590.65,12797.7,14,Atrasado,2024-07-27
100611,554,Crédito Pessoal,12169.69,18,1082.13,12169.69,0,Em dia,2026-06-02
100612,555,Crédito Pessoal,24668.84,36,1587.84,21996.38,0,Em dia,2026-01-24
100613,556,Financiamento Veicular,64075.02,48,2174.88,61992.58,0,Em dia,2026-04-01
100614,557,Refinanciamento,23173.83,24,1443.1,14136.03,26,Atrasado,2025-06-12
100615,558,Crédito Pessoal,5680.8,18,505.14,3957.62,0,Em dia,2025-11-05
100616,558,Consignado,11986.49,60,387.8,8246.71,0,Em dia,2024-06-07
100617,559,Crédito Pessoal,9797.87,30,674.15,4702.98,0,Em dia,2024-10-27
100618,560,Financiamento Veicular,28816.59,60,869.62,19825.82,18,Atrasado,2024-06-06
100619,561,Crédito Pessoal,24585.96,18,2186.18,7539.7,5,Atrasado,2025-02-04
100620,562,Crédito Pessoal,8463.36,36,544.76,7363.12,0,Em dia,2025-12-11
100621,563,Consignado,10930.97,60,353.65,7236.3,0,Em dia,2024-04-27
100622,564,Crédito Pessoal,10042.52,36,646.4,7431.47,0,Em dia,2025-06-22
100623,565,Financiamento Veicular,34153.56,36,1383.36,17133.7,0,Em dia,2024-07-24
100624,565,Consignado,11903.93,24,665.58,3005.74,0,Em dia,2024-07-25
100625,566,Financiamento Veicular,64738.39,36,2622.16,50711.74,137,Inadimplente,2025-08-15
100626,567,Crédito Pessoal,14352.59,18,1276.23,0.0,0,Quitado,2024-06-04
100627,567,Crédito Pessoal,15852.65,24,1205.37,6578.85,0,Em dia,2024-12-24
100628,568,Crédito Pessoal,9999.44,24,760.32,9349.47,0,Em dia,2026-04-08
100629,569,Consignado,8046.06,36,341.57,6477.08,32,Inadimplente,2025-09-01
100630,569,Consignado,12511.14,24,699.53,6005.35,0,Em dia,2025-02-26
100631,570,Crédito Pessoal,5079.86,24,386.25,4254.38,6,Atrasado,2026-01-15
100632,571,Crédito Pessoal,5708.19,12,662.32,5337.16,0,Em dia,2026-05-12
100633,572,Credito Pessoal,18735.23,12,2173.83,18735.23,39,Inadimplente,2026-06-19
100634,573,Crédito Pessoal,5464.53,30,375.99,2480.9,0,Em dia,2024-09-08
100635,574,Crédito Pessoal,9074.41,18,806.9,0.0,0,Quitado,2024-10-17
100636,575,Crédito Pessoal,8578.86,18,762.83,6720.11,0,Em dia,2026-01-14
100637,576,Crédito Pessoal,21329.75,12,2474.87,0.0,0,Quitado,2025-05-15
100638,577,Crédito Pessoal,6600.31,18,586.9,0.0,0,Quitado,2024-03-30
100639,578,Crédito Pessoal,8183.06,12,949.47,0.0,0,Quitado,2025-03-10
100640,579,Crédito Pessoal,7584.0,12,879.97,0.0,0,Quitado,2024-03-27
100641,580,Crédito Pessoal,17106.05,36,1101.05,14882.26,0,Em dia,2025-12-28
100642,581,Crédito Pessoal,11810.2,12,1370.33,0.0,0,Quitado,2024-02-12
100643,581,Financiamento Veicular,62238.1,36,2520.89,59541.11,120,Inadimplente,2026-04-14
100644,582,Crédito Pessoal,6894.69,24,524.24,3309.45,92,Inadimplente,2025-02-25
100645,583,Consignado,19905.77,36,845.03,9554.77,0,Em dia,2024-06-03
100646,584,Refinanciamento,5951.07,48,257.72,4210.38,31,Inadimplente,2024-12-05
100647,585,Consignado,15440.61,60,499.56,13031.87,0,Em dia,2025-06-22
100648,586,Consignado,15658.7,36,664.74,15658.7,0,Em dia,2026-06-06
100649,587,Crédito Pessoal,10301.02,24,783.25,6953.19,0,Em dia,2025-08-19
100650,588,Financiamento Veicular,34498.94,36,1397.35,18801.92,0,Em dia,2024-09-22
100651,589,Financiamento Veicular,75393.12,60,2275.19,65592.01,0,Em dia,2025-08-27
100652,590,Refinanciamento,9725.01,48,421.16,6722.41,0,Em dia,2024-11-02
100653,591,Consignado,12194.16,24,681.81,11005.23,0,Em dia,2026-03-12
100654,592,Crédito Pessoal,16530.98,18,1469.93,9367.56,16,Atrasado,2025-08-24
100655,593,Refinanciamento,36045.31,48,1560.99,19644.7,0,Em dia,2024-02-21
100656,594,Financiamento Veicular,27342.95,48,928.09,26454.31,0,Em dia,2026-04-25
100657,595,Financiamento Veicular,27038.22,48,917.75,23962.63,0,Em dia,2025-11-10
100658,596,Crédito Pessoal,5662.6,30,389.62,4337.55,56,Inadimplente,2025-09-10
100659,597,Crédito Pessoal,7615.3,24,579.04,4150.34,0,Em dia,2025-04-13
100660,598,Crédito Pessoal,9450.37,30,650.24,7238.99,0,Em dia,2025-09-26
100661,598,Refinanciamento,7730.99,24,481.43,6223.45,0,Em dia,2025-12-19
100662,599,Crédito Pessoal,16702.13,18,1485.15,11635.82,29,Atrasado,2025-11-30
100663,600,Crédito Pessoal,5770.82,18,513.14,1519.65,0,Em dia,2025-01-06
100664,601,Refinanciamento,17607.7,36,867.78,10359.19,0,Em dia,2024-11-11
100665,602,Refinanciamento,33038.34,24,2057.39,31964.59,47,Inadimplente,2026-05-27
100666,603,Financiamento Veicular,52717.07,36,2135.25,28730.8,0,Em dia,2024-09-08
100667,603,Crédito Pessoal,8605.85,24,654.35,6648.02,0,Em dia,2025-11-23
100668,604,Consignado,20550.13,60,664.87,13871.34,0,Em dia,2024-05-18
100669,605,Crédito Pessoal,10701.39,36,688.81,6527.85,0,Em dia,2024-12-05
100670,606,Financiamento Veicular,38866.52,60,1172.9,35834.93,0,Em dia,2025-12-03
100671,607,Refinanciamento,9365.84,36,461.59,6727.8,0,Em dia,2025-05-20
100672,608,Financiamento Veicular,59556.08,60,1797.27,40200.35,0,Em dia,2024-05-01
100673,608,Financiamento Veicular,39896.52,36,1615.97,35574.39,0,Em dia,2026-01-16
100674,609,Consignado,13329.55,24,745.29,4665.34,0,Em dia,2024-10-04
100675,610,Crédito Pessoal,10514.25,30,723.44,3953.36,0,Em dia,2024-06-26
100676,611,Financiamento Veicular,45204.29,48,1534.36,43000.58,0,Em dia,2026-03-02
100677,612,Consignado,9257.41,60,299.51,7692.91,0,Em dia,2025-05-19
100678,613,Crédito Pessoal,6438.91,18,572.55,6159.89,0,Em dia,2026-05-03
100679,614,Crédito Pessoal,5764.63,18,512.59,0.0,0,Quitado,2024-07-24
100680,615,Crédito Pessoal,9265.57,36,596.39,4447.47,0,Em dia,2024-06-23
100681,616,Refinanciamento,20193.33,36,995.21,17568.2,16,Atrasado,2025-12-11
100682,617,Crédito Pessoal,7176.35,30,493.77,4190.99,0,Em dia,2025-02-16
100683,618,Crédito Pessoal,11993.95,30,825.25,5445.25,0,Em dia,2024-09-30
100684,619,Consignado,7151.54,60,231.38,6407.78,0,Em dia,2025-10-14
100685,620,Crédito Pessoal,7798.85,36,501.98,5433.2,0,Em dia,2025-04-26
100686,620,Crédito Pessoal,22418.19,12,2601.17,0.0,0,Quitado,2024-10-08
100687,621,Crédito Pessoal,11916.0,24,906.04,11528.73,55,Inadimplente,2026-05-21
100688,622,Consignado,17069.56,48,614.61,12076.71,0,Em dia,2024-12-28
100689,622,Refinanciamento,20491.75,24,1276.08,20491.75,0,Em dia,2026-06-15
100690,623,Crédito Pessoal,3372.07,12,391.26,0.0,0,Quitado,2024-11-10
100691,624,Financiamento Veicular,41467.21,60,1251.39,38232.77,0,Em dia,2025-12-09
100692,625,Financiamento Veicular,28821.75,48,978.29,21328.09,0,Em dia,2025-02-13
100693,626,Crédito Pessoal,3412.43,18,303.43,1637.97,0,Em dia,2025-06-28
100694,627,Crédito Pessoal,7102.31,18,631.54,0.0,0,Quitado,2024-12-12
100695,628,Crédito Pessoal,17531.43,12,2034.16,16391.89,44,Inadimplente,2026-05-22
100696,629,Consignado,17642.2,48,635.23,16782.14,0,Em dia,2026-03-15
100697,630,Crédito Pessoal,5090.39,18,452.64,2222.8,0,Em dia,2025-05-27
100698,631,Refinanciamento,23920.52,48,1035.91,17312.48,53,Inadimplente,2025-01-25
100699,631,Financiamento Veicular,50614.95,48,1718.01,43212.51,0,Em dia,2025-09-19
100700,632,Consignado,25688.68,48,924.95,21931.71,0,Em dia,2025-09-14
100701,633,Financiamento Veicular,32438.2,36,1313.88,20490.13,0,Em dia,2025-01-03
100702,633,Crédito Pessoal,18563.29,24,1411.47,0.0,0,Quitado,2024-08-11
100703,634,Crédito Pessoal,21656.33,12,2512.77,0.0,0,Quitado,2025-04-01
100704,635,Crédito Pessoal,3859.24,36,248.41,3692.0,0,Em dia,2026-04-27
100705,636,Refinanciamento,26724.52,36,1317.1,19776.14,56,Inadimplente,2025-06-27
100706,637,Crédito Pessoal,8718.55,36,561.18,6640.63,0,Em dia,2025-07-03
100707,638,Financiamento Veicular,32439.44,48,1101.08,24532.33,0,Em dia,2025-03-10
100708,639,Crédito Pessoal,12221.17,12,1418.01,0.0,0,Quitado,2025-02-13
100709,640,Crédito Pessoal,11344.54,12,1316.3,9869.75,0,Em dia,2026-04-03
100710,641,Crédito Pessoal,6940.17,30,477.52,5135.72,0,Em dia,2025-08-12
100711,642,Financiamento Veicular,34789.47,48,1180.85,21786.9,43,Inadimplente,2024-07-14
100712,643,Financiamento Veicular,35230.72,36,1426.99,31414.06,86,Inadimplente,2026-01-23
100713,644,Financiamento Veicular,37892.81,48,1286.19,23730.37,0,Em dia,2024-07-25
100714,645,Financiamento Veicular,34798.89,36,1409.49,31029.01,0,Em dia,2026-01-27
100715,646,Crédito Pessoal,3158.76,12,366.51,2953.44,0,Em dia,2026-05-05
100716,646,Consignado,17112.61,48,616.16,14053.73,0,Em dia,2025-07-25
100717,647,Refinanciamento,17831.07,36,878.79,0.0,0,Quitado,2024-04-17
100718,648,Refinanciamento,15229.76,48,659.55,11764.99,0,Em dia,2025-04-10
100719,649,Crédito Pessoal,8003.54,30,550.69,5298.34,0,Em dia,2025-05-12
100720,650,Consignado,14817.08,36,629.01,14496.04,0,Em dia,2026-05-20
100721,651,Crédito Pessoal,2939.74,24,223.53,2270.95,0,Em dia,2025-11-03
100722,652,Refinanciamento,18376.52,48,795.82,13897.24,0,Em dia,2025-03-23
100723,653,Refinanciamento,7803.25,36,384.58,3576.49,24,Atrasado,2024-05-17
100724,654,Crédito Pessoal,17341.31,12,2012.1,15086.94,0,Em dia,2026-04-12
100725,655,Crédito Pessoal,28688.33,36,1846.56,21850.94,0,Em dia,2025-07-01
100726,656,Consignado,9068.31,60,293.39,7535.76,0,Em dia,2025-05-11
100727,657,Crédito Pessoal,13864.57,24,1054.2,6204.4,59,Inadimplente,2025-01-26
100728,657,Crédito Pessoal,3461.18,18,307.77,1211.41,0,Em dia,2025-03-26
100729,658,Financiamento Veicular,48921.82,48,1660.54,45741.9,0,Em dia,2026-02-18
100730,659,Consignado,20075.8,60,649.52,17987.91,0,Em dia,2025-10-29
100731,659,Crédito Pessoal,7207.65,30,495.93,6083.26,0,Em dia,2025-12-09
100732,660,Consignado,15584.24,60,504.2,10114.17,0,Em dia,2024-03-05
100733,660,Refinanciamento,25060.69,24,1560.6,12029.13,0,Em dia,2025-02-05
100734,661,Financiamento Veicular,38523.14,60,1162.54,24500.72,0,Em dia,2024-02-09
100735,662,Crédito Pessoal,11278.18,30,776.0,3067.67,0,Em dia,2024-02-19
100736,663,Financiamento Veicular,31672.91,36,1282.88,24124.2,0,Em dia,2025-07-23
100737,664,Crédito Pessoal,8019.64,12,930.51,0.0,0,Quitado,2025-05-05
100738,665,Refinanciamento,26385.65,48,1142.67,15237.71,0,Em dia,2024-04-08
100739,665,Crédito Pessoal,15600.85,36,1004.17,9178.5,0,Em dia,2024-11-27
100740,666,Refinanciamento,30478.83,24,1898.0,0.0,0,Quitado,2024-03-14
100741,667,Financiamento Veicular,26403.91,60,796.81,22628.15,0,Em dia,2025-07-29
100742,668,Crédito Pessoal,7691.71,12,892.46,4191.98,0,Em dia,2025-11-08
100743,669,Crédito Pessoal,4420.55,18,393.08,0.0,0,Quitado,2024-01-25
100744,670,Financiamento Veicular,37791.8,36,1530.72,17321.24,0,Em dia,2024-05-05
100745,671,Refinanciamento,21676.45,48,938.73,12165.91,0,Em dia,2024-03-29
100746,672,Financiamento Veicular,30396.8,36,1231.19,13273.27,0,Em dia,2024-04-01
100747,672,Financiamento Veicular,23981.36,36,971.34,17226.61,0,Em dia,2025-05-20
100748,673,Crédito Pessoal,9501.36,12,1102.44,0.0,0,Quitado,2024-02-14
100749,674,Consignado,14543.82,60,470.54,11896.85,0,Em dia,2025-04-11
100750,675,Crédito Pessoal,3015.97,12,349.94,0.0,0,Quitado,2024-01-23
100751,676,Crédito Pessoal,10073.59,18,895.74,9637.07,0,Em dia,2026-05-20
100752,677,Consignado,9339.58,48,336.28,7063.06,0,Em dia,2025-03-28
100753,677,Financiamento Veicular,42481.77,48,1441.95,22462.24,117,Inadimplente,2024-01-30
100754,678,Refinanciamento,28656.51,48,1241.01,22137.15,0,Em dia,2025-04-29
100755,679,Financiamento Veicular,33083.77,48,1122.95,32008.55,0,Em dia,2026-04-02
100756,680,Crédito Pessoal,5099.12,24,387.72,4767.68,0,Em dia,2026-04-15
100757,680,Financiamento Veicular,23917.97,48,811.84,22751.97,0,Em dia,2026-03-24
100758,681,Financiamento Veicular,26232.06,48,890.39,22821.89,34,Inadimplente,2025-10-04
100759,681,Refinanciamento,12312.43,24,766.73,3509.04,0,Em dia,2024-08-04
100760,682,Refinanciamento,7732.9,36,381.11,5722.35,0,Em dia,2025-06-15
100761,683,Crédito Pessoal,8258.46,24,627.94,7184.86,94,Inadimplente,2026-02-12
100762,683,Consignado,24917.46,24,1393.21,0.0,0,Quitado,2024-06-29
100763,684,Crédito Pessoal,14260.56,24,1084.31,12406.69,0,Em dia,2026-02-10
100764,685,Crédito Pessoal,5233.97,18,465.4,3419.53,0,Em dia,2025-10-18
100765,686,Consignado,14475.26,24,809.35,10241.24,0,Em dia,2025-09-04
100766,687,Financiamento Veicular,21390.09,60,645.5,13326.03,132,Inadimplente,2024-01-15
100767,687,Crédito Pessoal,12756.16,30,877.69,10102.88,0,Em dia,2025-10-25
100768,688,Financiamento Veicular,22652.06,36,917.5,9891.4,0,Em dia,2024-04-12
100769,689,Crédito Pessoal,7090.77,12,822.74,6629.87,0,Em dia,2026-05-31
100770,690,Crédito Pessoal,6981.5,18,620.79,0.0,0,Quitado,2024-04-19
100771,691,Financiamento Veicular,60601.67,48,2056.99,52723.45,29,Atrasado,2025-10-01
100772,692,Financiamento Veicular,37256.96,60,1124.33,32413.55,2,Atrasado,2025-08-24
100773,692,Crédito Pessoal,7254.24,12,841.7,6782.72,21,Atrasado,2026-05-06
100774,693,Consignado,5667.27,24,316.87,0.0,0,Quitado,2024-03-07
100775,693,Crédito Pessoal,15084.86,18,1341.34,0.0,0,Quitado,2024-12-29
100776,694,Crédito Pessoal,2597.07,24,197.47,1162.19,0,Em dia,2025-01-14
100777,695,Crédito Pessoal,14293.46,18,1270.97,0.0,0,Quitado,2024-10-19
100778,695,Refinanciamento,18157.57,24,1130.72,5174.91,0,Em dia,2024-08-17
100779,696,Financiamento Veicular,26819.09,36,1086.28,22170.45,1,Atrasado,2025-10-18
100780,697,Financiamento Veicular,43786.03,48,1486.22,28132.52,0,Em dia,2024-08-28
100781,697,Consignado,15871.55,24,887.42,8650.0,0,Em dia,2025-04-15
100782,698,Consignado,24208.33,36,1027.68,12669.03,37,Inadimplente,2024-08-24
100783,699,Crédito Pessoal,6732.9,30,463.26,3056.74,0,Em dia,2024-09-01
100784,699,Crédito Pessoal,7086.68,18,630.15,3094.52,0,Em dia,2025-05-10
100785,700,Refinanciamento,8736.77,36,430.58,3815.05,0,Em dia,2024-04-22
100786,701,Consignado,34849.89,48,1254.81,22391.06,0,Em dia,2024-08-05
100787,701,Consignado,17250.14,60,558.1,16577.38,0,Em dia,2026-03-14
100788,702,Crédito Pessoal,14295.75,18,1271.18,0.0,0,Quitado,2024-10-14
100789,703,Crédito Pessoal,6374.39,30,438.59,4219.85,0,Em dia,2025-05-08
100790,704,Financiamento Veicular,41346.9,36,1674.72,34180.11,0,Em dia,2025-10-21
100791,705,Crédito Pessoal,4226.09,30,290.78,3456.94,0,Em dia,2025-11-11
100792,706,Financiamento Veicular,34034.43,48,1155.22,31269.14,0,Em dia,2026-01-28
100793,707,Consignado,19833.69,36,841.97,7371.52,0,Em dia,2024-01-17
100794,708,Crédito Pessoal,14578.08,12,1691.48,0.0,0,Quitado,2024-10-19
100795,708,Crédito Pessoal,5987.77,18,532.43,0.0,0,Quitado,2024-11-07
100796,709,Refinanciamento,28732.99,36,1416.08,10679.1,122,Inadimplente,2024-01-26
100797,710,Consignado,18211.88,60,589.22,16554.6,0,Em dia,2025-11-19
100798,711,Financiamento Veicular,44608.62,36,1806.83,26244.74,0,Em dia,2024-11-13
100799,712,Refinanciamento,31490.74,36,1551.99,12386.36,22,Atrasado,2024-02-02
100800,713,Consignado,8181.97,36,347.34,4459.17,138,Inadimplente,2024-09-01
100801,714,Consignado,20454.0,60,661.76,17529.08,0,Em dia,2025-07-29
100802,715,Consignado,9550.64,48,343.88,7222.67,0,Em dia,2025-03-02
100803,716,Consignado,14197.06,24,793.8,0.0,0,Quitado,2024-06-20
100804,717,Consignado,10134.25,60,327.88,9739.02,0,Em dia,2026-03-19
100805,718,Financiamento Veicular,31837.77,60,960.79,23559.95,0,Em dia,2024-10-02
100806,719,Consignado,13129.96,24,734.13,0.0,0,Quitado,2024-01-18
100807,719,Crédito Pessoal,21437.87,18,1906.25,21437.87,109,Inadimplente,2026-06-10
100808,720,Financiamento Veicular,30630.36,60,924.35,28241.19,0,Em dia,2025-12-23
100809,721,Consignado,24473.82,48,881.2,19701.43,33,Inadimplente,2025-06-18
100810,722,Crédito Pessoal,6965.04,30,479.23,2799.95,0,Em dia,2024-07-04
100811,723,Crédito Pessoal,4795.66,36,308.68,2613.63,54,Inadimplente,2024-09-20
100812,724,Financiamento Veicular,38910.8,36,1576.04,33009.33,0,Em dia,2025-11-19
100813,724,Consignado,17063.84,48,614.4,15122.83,0,Em dia,2025-11-25
100814,725,Consignado,32176.59,48,1158.55,30607.98,0,Em dia,2026-03-15
100815,726,Refinanciamento,14471.29,48,626.7,10708.76,0,Em dia,2025-02-22
100816,726,Financiamento Veicular,59955.64,48,2035.06,55084.24,0,Em dia,2026-01-22
100817,727,Crédito Pessoal,19776.17,18,1758.5,12920.43,2,Atrasado,2025-10-17
100818,728,Refinanciamento,13373.97,48,579.18,10114.07,0,Em dia,2025-03-06
100819,729,Crédito Pessoal,7889.69,36,507.83,4812.71,0,Em dia,2024-12-30
100820,730,Financiamento Veicular,41014.68,60,1237.73,25552.15,0,Em dia,2024-01-19
100821,731,Crédito Pessoal,21177.72,24,1610.26,20489.44,38,Inadimplente,2026-05-05
100822,732,Refinanciamento,11605.91,24,722.73,5193.65,9,Atrasado,2025-01-13
100823,733,Crédito Pessoal,15088.37,30,1038.16,14696.07,0,Em dia,2026-05-20
100824,734,Refinanciamento,22499.21,48,974.36,18477.47,0,Em dia,2025-07-01
100825,734,Crédito Pessoal,6497.8,12,753.93,6075.44,0,Em dia,2026-05-07
100826,735,Crédito Pessoal,3762.72,24,286.1,3028.99,0,Em dia,2025-12-29
100827,735,Crédito Pessoal,20830.11,12,2416.9,0.0,0,Quitado,2024-03-31
100828,736,Crédito Pessoal,11572.39,36,744.87,7059.16,0,Em dia,2024-12-23
100829,737,Crédito Pessoal,5693.96,12,660.67,0.0,0,Quitado,2024-03-26
100830,738,Crédito Pessoal,4166.71,12,483.46,2541.69,28,Atrasado,2025-12-14
100831,739,Crédito Pessoal,5853.92,30,402.78,2048.87,0,Em dia,2024-05-24
100832,740,Crédito Pessoal,19970.7,18,1775.79,19105.3,0,Em dia,2026-05-09
100833,741,Crédito Pessoal,30098.92,12,3492.35,26186.06,35,Inadimplente,2026-04-01
100834,742,Financiamento Veicular,31959.22,48,1084.78,30401.2,0,Em dia,2026-03-21
100835,743,Consignado,7634.35,60,247.0,5153.19,0,Em dia,2024-05-21
100836,744,Financiamento Veicular,42083.23,48,1428.42,27722.33,0,Em dia,2024-09-03
100837,745,Crédito Pessoal,9351.32,12,1085.03,0.0,0,Quitado,2024-02-01
100838,746,Consignado,14451.55,36,613.49,11946.61,0,Em dia,2025-10-17
100839,746,Crédito Pessoal,11264.84,18,1001.67,0.0,0,Quitado,2024-07-28
100840,747,Refinanciamento,7157.21,24,445.7,0.0,0,Quitado,2024-06-10
100841,748,Crédito Pessoal,20876.76,24,1587.38,10020.84,0,Em dia,2025-02-10
100842,749,Consignado,9067.24,24,506.97,0.0,0,Quitado,2024-10-27
100843,749,Crédito Pessoal,6860.16,18,610.01,0.0,0,Quitado,2025-04-17
100844,750,Financiamento Veicular,37636.88,48,1277.5,33967.29,0,Em dia,2025-12-03
100845,751,Crédito Pessoal,7451.9,12,864.64,3092.54,0,Em dia,2025-09-30
100846,752,Financiamento Veicular,33540.63,36,1358.53,23366.64,0,Em dia,2025-04-05
100847,753,Financiamento Veicular,46253.21,48,1569.96,37985.45,0,Em dia,2025-07-01
100848,754,Consignado,11525.95,24,644.45,10027.58,0,Em dia,2026-02-26
100849,755,Crédito Pessoal,12435.99,36,800.46,5699.83,0,Em dia,2024-05-12
100850,756,Consignado,8304.24,48,299.0,6280.08,0,Em dia,2025-03-23
100851,756,Financiamento Veicular,55871.2,60,1686.07,52239.58,0,Em dia,2026-01-23
100852,757,Crédito Pessoal,10389.66,12,1205.5,6337.69,48,Inadimplente,2025-12-17
100853,758,Crédito Pessoal,6376.21,18,566.97,0.0,0,Quitado,2024-06-26
100854,759,Financiamento Veicular,34719.47,48,1178.47,20614.69,0,Em dia,2024-05-06
100855,760,Crédito Pessoal,4039.29,30,277.92,2568.99,0,Em dia,2025-04-29
100856,761,Financiamento Veicular,42176.88,48,1431.6,38750.01,0,Em dia,2026-01-03
100857,762,Refinanciamento,12172.38,36,599.91,5315.27,0,Em dia,2024-04-19
100858,763,Crédito Pessoal,20738.33,36,1334.85,14447.7,0,Em dia,2025-04-25
100859,764,Consignado,19960.87,48,718.71,12176.13,0,Em dia,2024-06-25
100860,765,Consignado,17203.75,24,961.91,16085.51,0,Em dia,2026-04-21
100861,766,Financiamento Veicular,39266.05,48,1332.8,33523.39,41,Inadimplente,2025-09-13
100862,767,Crédito Pessoal,3972.18,24,302.03,1777.55,0,Em dia,2025-01-09
100863,768,Crédito Pessoal,9859.75,18,876.73,0.0,0,Quitado,2024-01-13
100864,769,Consignado,16978.48,36,720.76,16242.75,0,Em dia,2026-04-16
100865,770,Financiamento Veicular,25483.82,36,1032.2,24379.52,0,Em dia,2026-04-12
100866,771,Consignado,15741.67,48,566.79,9346.62,0,Em dia,2024-05-16
100867,772,Crédito Pessoal,3744.98,18,333.0,3582.7,0,Em dia,2026-05-18
100868,773,Refinanciamento,15391.77,48,666.56,12640.5,58,Inadimplente,2025-07-09
100869,774,Refinanciamento,17629.07,36,868.83,12281.58,0,Em dia,2025-04-26
100870,775,Crédito Pessoal,8362.44,24,635.84,3742.19,41,Inadimplente,2025-01-04
100871,776,Refinanciamento,21543.17,24,1341.55,6139.8,0,Em dia,2024-08-20
100872,777,Crédito Pessoal,11024.77,30,758.56,8731.62,0,Em dia,2025-10-17
100873,778,Crédito Pessoal,10108.29,36,650.63,7042.11,0,Em dia,2025-04-26
100874,779,Financiamento Veicular,20887.94,48,708.99,17493.65,0,Em dia,2025-08-10
100875,780,Refinanciamento,7578.34,24,471.92,4376.49,90,Inadimplente,2025-05-10
100876,781,Crédito Pessoal,5535.78,24,420.92,4276.39,60,Inadimplente,2025-11-05
100877,782,Consignado,30570.95,60,989.07,19045.7,0,Em dia,2024-01-25
100878,783,Consignado,38063.28,48,1370.51,21981.55,0,Em dia,2024-04-13
100879,783,Financiamento Veicular,26779.56,36,1084.68,16915.76,0,Em dia,2025-01-10
100880,784,Crédito Pessoal,12356.07,12,1433.67,0.0,0,Quitado,2025-03-02
100881,785,Crédito Pessoal,7121.01,18,633.2,3109.51,0,Em dia,2025-05-18
100882,786,Crédito Pessoal,8007.08,30,550.93,7798.89,0,Em dia,2026-05-01
100883,787,Refinanciamento,25012.33,48,1083.2,25012.33,0,Em dia,2026-06-19
100884,788,Refinanciamento,24470.14,24,1523.82,14926.79,0,Em dia,2025-06-01
100885,789,Refinanciamento,23630.24,24,1471.52,14414.45,7,Atrasado,2025-06-07
100886,790,Consignado,15361.51,24,858.91,7872.77,0,Em dia,2025-03-10
100887,791,Credito Pessoal,4937.69,18,439.06,2370.09,61,Inadimplente,2025-06-09
100888,792,Refinanciamento,17573.87,24,1094.37,15289.27,0,Em dia,2026-02-05
100889,793,Financiamento Veicular,30549.41,36,1237.37,24592.28,0,Em dia,2025-09-09
100890,794,Financiamento Veicular,39451.57,36,1597.95,36032.43,0,Em dia,2026-02-06
100891,795,Financiamento Veicular,48187.54,48,1635.62,38790.97,0,Em dia,2025-06-07
100892,796,Crédito Pessoal,10532.97,12,1222.13,8479.04,0,Em dia,2026-03-26
100893,797,Crédito Pessoal,8879.77,18,789.59,4647.08,0,Em dia,2025-07-10
100894,798,Crédito Pessoal,6045.73,18,537.59,6045.73,0,Em dia,2026-06-09
100895,799,Crédito Pessoal,9606.9,18,854.24,3778.71,0,Em dia,2025-04-01
100896,800,Consignado,6127.85,36,260.14,4136.3,0,Em dia,2025-03-03
100897,801,Consignado,10402.37,48,374.55,8035.83,0,Em dia,2025-04-27
100898,802,Consignado,23858.37,36,1012.83,9901.22,0,Em dia,2024-03-16
100899,803,Crédito Pessoal,7793.01,30,536.2,4145.88,0,Em dia,2024-12-09
100900,803,Crédito Pessoal,9124.85,18,811.38,3589.11,0,Em dia,2025-04-21
100901,804,Financiamento Veicular,34003.29,60,1026.14,28256.73,0,Em dia,2025-05-03
100902,804,Refinanciamento,15394.75,36,758.72,10391.45,0,Em dia,2025-03-18
100903,805,Financiamento Veicular,71589.67,36,2899.67,62283.02,0,Em dia,2025-12-03
100904,806,Financiamento Veicular,37597.41,60,1134.6,32709.75,0,Em dia,2025-08-08
100905,807,Consignado,6658.09,60,215.41,5965.65,0,Em dia,2025-10-28
100906,808,Financiamento Veicular,20977.32,36,849.67,16886.74,0,Em dia,2025-09-23
100907,809,Crédito Pessoal,8640.8,12,1002.59,0.0,0,Quitado,2024-12-24
100908,810,Crédito Pessoal,5212.79,30,358.67,1688.94,0,Em dia,2024-04-29
100909,811,Financiamento Veicular,21880.77,48,742.69,11569.46,0,Em dia,2024-01-18
100910,812,Refinanciamento,38069.06,48,1648.64,20129.01,0,Em dia,2024-01-13
100911,813,Crédito Pessoal,3805.4,30,261.83,936.13,0,Em dia,2024-01-23
100912,814,Crédito Pessoal,5298.02,24,402.84,1509.94,0,Em dia,2024-08-21
100913,815,Refinanciamento,13515.49,24,841.65,0.0,0,Quitado,2024-05-27
100914,816,Crédito Pessoal,4481.44,18,398.49,1568.5,124,Inadimplente,2025-03-20
100915,817,Crédito Pessoal,21368.69,12,2479.39,10256.97,0,Em dia,2025-10-06
100916,818,Refinanciamento,16940.52,24,1054.93,0.0,0,Quitado,2024-03-27
100917,819,Crédito Pessoal,15051.55,18,1338.38,0.0,0,Quitado,2024-04-25
100918,820,Crédito Pessoal,6058.63,24,460.67,4680.29,0,Em dia,2025-11-19
100919,820,Crédito Pessoal,3800.36,30,261.49,1922.98,0,Em dia,2024-11-29
100920,821,Refinanciamento,24649.25,48,1067.47,22245.95,59,Inadimplente,2025-12-23
100921,822,Crédito Pessoal,4986.39,12,578.57,0.0,0,Quitado,2025-04-01
100922,823,Crédito Pessoal,3450.14,30,237.39,2463.4,0,Em dia,2025-07-14
100923,824,Refinanciamento,26483.83,48,1146.92,23040.94,0,Em dia,2025-10-10
100924,825,Financiamento Veicular,46875.99,60,1414.61,39563.34,0,Em dia,2025-06-12
100925,826,Financiamento Veicular,84725.16,36,3431.71,60860.91,0,Em dia,2025-05-27
100926,827,Crédito Pessoal,20420.22,24,1552.67,9801.71,43,Inadimplente,2025-02-28
100927,828,Crédito Pessoal,7365.72,30,506.8,5450.63,0,em dia,2025-08-16
100928,829,Crédito Pessoal,5521.38,24,419.82,1573.59,0,Em dia,2024-08-04
100929,830,Refinanciamento,28642.03,48,1240.38,19798.8,0,Em dia,2024-11-30
100930,831,Consignado,11741.43,36,498.44,9197.45,0,Em dia,2025-08-10
100931,832,Refinanciamento,7467.2,24,465.0,4312.31,0,Em dia,2025-05-18
100932,833,Financiamento Veicular,27870.48,60,841.07,22073.42,0,Em dia,2025-02-28
100933,834,Refinanciamento,17388.31,24,1082.82,11737.11,9,Atrasado,2025-08-26
100934,835,Consignado,8104.16,60,262.2,6523.85,0,Em dia,2025-03-28
100935,836,Consignado,20927.38,48,753.51,12085.56,0,Em dia,2024-04-09
100936,836,Crédito Pessoal,5173.91,12,600.32,2819.78,0,Em dia,2025-11-01
100937,837,Consignado,8188.22,60,264.92,7762.43,0,Em dia,2026-02-26
100938,838,Consignado,11577.08,48,416.84,8567.04,0,Em dia,2025-02-14
100939,839,Crédito Pessoal,8047.09,18,715.55,7349.68,130,Inadimplente,2026-04-10
100940,840,Refinanciamento,24431.43,36,1204.08,20196.65,0,Em dia,2025-10-14
100941,841,Consignado,24443.11,60,790.82,20312.23,0,Em dia,2025-05-04
100942,842,Refinanciamento,14881.47,24,926.71,8110.4,0,Em dia,2025-04-20
100943,843,Crédito Pessoal,16892.1,36,1087.28,8474.21,0,Em dia,2024-07-08
100944,843,Financiamento Veicular,81901.83,60,2471.61,57413.18,6,Atrasado,2024-07-09
100945,844,Refinanciamento,14864.44,36,732.58,14542.38,30,Atrasado,2026-05-28
100946,845,Crédito Pessoal,6289.56,36,404.84,3700.36,0,Em dia,2024-11-05
100947,845,Consignado,3117.22,60,100.85,2225.7,0,Em dia,2024-08-05
100948,846,Financiamento Veicular,79220.36,60,2390.69,61712.66,0,Em dia,2025-01-27
100949,847,Refinanciamento,19712.24,36,971.5,9461.87,41,inadimplente,2024-06-13
100950,848,Crédito Pessoal,15151.38,18,1347.26,5959.54,0,Em dia,2025-04-26
100951,849,Crédito Pessoal,22598.45,30,1554.89,20248.21,0,Em dia,2026-02-19
100952,850,Crédito Pessoal,6028.41,30,414.79,1953.21,19,Atrasado,2024-04-24
100953,851,Crédito Pessoal,4776.1,36,307.42,3637.8,0,Em dia,2025-07-14
100954,852,Consignado,21233.23,48,764.52,16402.67,0,Em dia,2025-04-11
100955,853,Financiamento Veicular,47703.98,48,1619.2,37626.52,0,Em dia,2025-05-07
100956,854,Financiamento Veicular,25178.48,60,759.83,17322.79,0,Em dia,2024-06-28
100957,855,Refinanciamento,20658.59,24,1286.47,16630.17,62,Inadimplente,2025-12-27
100958,856,Crédito Pessoal,10036.34,36,646.0,7426.89,0,Em dia,2025-06-03
100959,857,Crédito Pessoal,6717.38,24,510.76,0.0,0,Quitado,2024-04-13
100960,858,Financiamento Veicular,45490.34,36,1842.54,0.0,0,Quitado,2024-09-29
100961,859,Crédito Pessoal,17111.8,36,1101.42,14887.27,0,Em dia,2025-12-10
100962,860,Consignado,9531.43,36,404.62,3542.52,0,Em dia,2024-01-14
100963,861,Crédito Pessoal,15489.4,18,1377.32,0.0,0,Quitado,2024-05-04
100964,862,Consignado,12280.02,48,442.15,10883.16,0,Em dia,2025-11-22
100965,863,Crédito Pessoal,8867.3,30,610.12,2873.01,0,Em dia,2024-04-23
100966,864,Consignado,6815.9,24,381.1,0.0,0,Quitado,2024-01-28
100967,865,Consignado,6963.75,60,225.3,4791.06,0,Em dia,2024-06-13
100968,866,Refinanciamento,19154.87,36,944.03,10439.41,0,Em dia,2024-09-18
100969,867,Crédito Pessoal,22651.63,12,2628.25,0.0,0,Quitado,2024-06-12
100970,868,Crédito Pessoal,12659.06,30,871.01,7392.89,0,Em dia,2025-02-26
100971,869,Crédito Pessoal,5803.32,18,516.03,0.0,0,Quitado,2024-08-30
100972,870,Refinanciamento,35917.61,36,1770.17,19575.1,0,Em dia,2024-09-04
100973,870,Consignado,18874.06,60,610.64,14457.53,67,Inadimplente,2024-12-09
100974,871,Consignado,8576.85,24,479.56,6068.12,0,Em dia,2025-09-10
100975,872,Financiamento Veicular,43673.37,36,1768.95,26640.76,0,Em dia,2024-12-12
100976,873,Consignado,10195.47,60,329.86,7412.11,0,Em dia,2024-09-07
100977,874,Refinanciamento,14311.1,24,891.19,11520.43,0,Em dia,2025-12-24
100978,875,Consignado,14585.29,36,619.17,13953.26,17,Atrasado,2026-04-18
100979,876,Crédito Pessoal,12065.79,36,776.63,10758.66,0,Em dia,2026-01-30
100980,876,Crédito Pessoal,4004.73,18,356.1,2789.96,0,Em dia,2025-11-16
100981,877,Crédito Pessoal,8396.09,30,577.7,2065.44,0,Em dia,2024-01-04
100982,878,Crédito Pessoal,12666.76,36,815.31,11020.08,0,Em dia,2025-12-04
100983,878,Crédito Pessoal,8595.28,24,653.55,0.0,0,Quitado,2024-08-15
100984,879,Crédito Pessoal,8277.25,12,960.4,0.0,0,Quitado,2024-03-13
100985,880,Crédito Pessoal,15929.71,12,1848.31,0.0,0,Quitado,2025-01-26
100986,881,Crédito Pessoal,32863.73,30,2261.2,23464.7,0,Em dia,2025-07-30
100987,882,Financiamento Veicular,40846.85,48,1386.45,24252.82,0,em dia,2024-05-09
100988,883,Financiamento Veicular,46467.08,60,1402.27,32573.43,0,Em dia,2024-07-08
100989,884,Financiamento Veicular,25284.36,36,1024.12,11040.84,0,Em dia,2024-04-25
100990,884,Crédito Pessoal,10283.4,24,781.91,4267.61,0,Em dia,2024-12-22
100991,885,Financiamento Veicular,30288.56,36,1226.81,20444.78,72,Inadimplente,2025-03-24
100992,886,Consignado,23197.54,36,984.77,19176.63,0,Em dia,2025-10-14
100993,887,Crédito Pessoal,9136.85,30,628.66,2960.34,66,Inadimplente,2024-04-04
100994,888,Crédito Pessoal,9598.85,24,729.86,6479.22,0,Em dia,2025-08-27
100995,889,Financiamento Veicular,31072.19,60,937.69,25013.11,0,Em dia,2025-03-28
100996,890,Consignado,7929.39,36,336.62,4665.12,0,Em dia,2024-11-14
100997,891,Crédito Pessoal,19429.84,36,1250.63,14799.06,39,Inadimplente,2025-07-26
100998,892,Crédito Pessoal,12650.8,12,1467.86,0.0,0,Quitado,2025-03-04
100999,893,Crédito Pessoal,14040.59,24,1067.59,4914.21,0,Em dia,2024-10-09
101000,894,Crédito Pessoal,5851.81,30,402.64,2656.72,0,Em dia,2024-09-11
101001,895,Consignado,11866.4,48,427.26,8781.13,39,Inadimplente,2025-02-15
101002,896,Financiamento Veicular,26173.89,36,1060.15,23338.39,0,Em dia,2026-01-16
101003,897,Crédito Pessoal,17505.62,24,1331.05,14660.96,0,Em dia,2026-01-20
101004,898,Consignado,18447.79,48,664.23,16049.58,131,Inadimplente,2025-10-12
101005,899,Crédito Pessoal,4387.53,12,509.08,0.0,0,Quitado,2025-03-23
101006,899,Consignado,12333.6,48,444.08,11932.75,0,Em dia,2026-04-03
101007,900,Financiamento Veicular,92932.43,60,2804.49,86891.83,37,Inadimplente,2026-01-24
101008,901,Consignado,6158.0,36,261.42,3756.38,0,Em dia,2024-12-13
101009,902,Consignado,14541.64,48,523.59,8870.4,0,Em dia,2024-06-06
101010,903,Crédito Pessoal,10027.66,18,891.66,0.0,0,Quitado,2024-12-05
101011,904,Crédito Pessoal,13157.54,30,905.31,5289.33,0,Em dia,2024-07-15
101012,905,Crédito Pessoal,6643.12,24,505.11,3404.6,0,Em dia,2025-03-26
101013,906,Refinanciamento,17911.63,36,882.76,11702.26,0,Em dia,2025-02-03
101014,907,Crédito Pessoal,11516.65,24,875.68,4779.41,85,Inadimplente,2024-12-06
101015,908,Consignado,13086.34,36,555.54,7415.59,0,Em dia,2024-10-27
101016,909,Crédito Pessoal,11461.49,30,788.61,8481.5,0,Em dia,2025-08-23
101017,910,Consignado,26692.64,24,1492.46,16282.51,15,Atrasado,2025-06-06
101018,911,Crédito Pessoal,19290.47,24,1466.77,0.0,0,Quitado,2024-01-16
101019,912,Refinanciamento,26296.44,24,1637.55,19459.37,0,Em dia,2025-10-31
101020,912,Consignado,12372.02,60,400.28,11085.33,0,Em dia,2025-10-10
101021,913,Crédito Pessoal,9399.02,30,646.7,5977.78,109,Inadimplente,2025-04-24
101022,914,Consignado,16332.0,36,693.32,15270.42,0,Em dia,2026-03-07
101023,915,Crédito Pessoal,11603.09,12,1346.3,0.0,0,Quitado,2024-09-23
101024,916,Refinanciamento,14357.39,24,894.08,5491.7,31,Inadimplente,2024-11-14
101025,917,Refinanciamento,10632.6,24,662.12,0.0,0,Quitado,2025-01-12
101026,917,Consignado,13962.31,48,502.73,11239.66,0,Em dia,2025-06-12
101027,918,Consignado,13154.63,24,735.51,5886.7,0,Em dia,2025-01-15
101028,918,Crédito Pessoal,20609.25,30,1418.03,11499.96,0,Em dia,2025-01-01
101029,919,Crédito Pessoal,17421.78,12,2021.44,7230.04,0,Em dia,2025-09-24
101030,920,Consignado,5074.82,48,182.72,3013.17,0,Em dia,2024-05-20
101031,920,Crédito Pessoal,10398.03,30,715.44,2557.91,0,Em dia,2024-01-24
101032,921,Crédito Pessoal,5895.37,18,524.22,4107.11,0,Em dia,2025-11-11
101033,922,Crédito Pessoal,15648.87,30,1076.73,5883.97,0,Em dia,2024-06-17
101034,923,Crédito Pessoal,24373.22,18,2167.26,24373.22,0,Em dia,2026-06-27
101035,924,Consignado,8368.99,60,270.77,8042.6,0,Em dia,2026-03-31
101036,925,Financiamento Veicular,28687.71,48,973.74,27755.36,50,Inadimplente,2026-04-10
101037,926,Consignado,12583.02,48,453.06,8493.54,0,Em dia,2024-10-24
101038,927,Consignado,5624.28,36,238.76,3187.09,0,Em dia,2024-10-07
101039,928,Consignado,10143.44,36,430.61,8605.02,0,Em dia,2025-11-18
101040,929,Financiamento Veicular,32273.2,48,1095.44,25455.49,0,Em dia,2025-05-20
101041,930,Consignado,17162.73,24,959.62,0.0,0,Quitado,2024-03-23
101042,931,Refinanciamento,27152.5,48,1175.88,24946.36,0,Em dia,2026-01-15
101043,931,Crédito Pessoal,3900.45,36,251.06,0.0,0,Quitado,2024-01-24
101044,932,Financiamento Veicular,25579.98,60,771.95,20924.42,0,Em dia,2025-04-09
101045,933,Refinanciamento,20582.64,36,1014.4,16569.03,0,Em dia,2025-09-09
101046,934,Crédito Pessoal,10837.2,36,697.55,9663.17,40,Inadimplente,2026-01-06
101047,934,Financiamento Veicular,51839.71,48,1759.58,47627.73,0,Em dia,2026-01-22
101048,935,Consignado,27007.68,48,972.44,22180.06,0,Em dia,2025-07-20
101049,936,Crédito Pessoal,14038.43,12,1628.87,7650.94,0,Em dia,2025-11-08
101050,937,Crédito Pessoal,13458.59,36,866.28,9376.15,0,Em dia,2025-04-20
101051,938,Refinanciamento,26714.24,24,1663.57,9349.99,0,Em dia,2024-10-14
101052,939,Crédito Pessoal,6448.09,24,490.29,0.0,0,Quitado,2025-02-09
101053,940,Financiamento Veicular,34682.56,48,1177.22,27919.46,0,Em dia,2025-06-06
101054,941,Financiamento Veicular,38193.06,60,1152.58,29255.88,46,Inadimplente,2024-12-31
101055,942,Consignado,6203.86,60,200.72,4268.25,0,Em dia,2024-06-09
101056,943,Consignado,10777.28,36,457.51,10076.76,0,Em dia,2026-03-16
101057,944,Consignado,26035.94,24,1455.74,8266.41,0,Em dia,2024-09-27
101058,945,Crédito Pessoal,7316.44,36,470.93,7157.91,0,Em dia,2026-05-11
101059,946,Financiamento Veicular,28277.23,48,959.81,26898.72,0,Em dia,2026-03-23
101060,946,Consignado,36562.93,36,1552.15,31809.75,0,Em dia,2025-12-18
101061,947,Financiamento Veicular,86229.16,60,2602.2,69414.47,0,Em dia,2025-03-21
101062,948,Refinanciamento,16529.39,24,1029.33,15992.19,0,Em dia,2026-05-18
101063,949,Crédito Pessoal,3056.88,18,271.82,1997.16,0,Em dia,2025-10-21
101064,950,Crédito Pessoal,15511.18,36,998.4,15175.11,0,Em dia,2026-05-10
101065,951,Consignado,12101.39,60,391.52,11944.07,0,Em dia,2026-05-06
101066,952,Consignado,15065.02,24,842.33,9679.28,0,Em dia,2025-07-04
101067,953,Consignado,11872.56,36,504.01,9300.17,0,Em dia,2025-08-09
101068,954,Financiamento Veicular,33956.55,60,1024.73,23362.11,0,Em dia,2024-06-10
101069,954,Consignado,14810.35,24,828.09,0.0,0,Quitado,2024-03-02
101070,955,Crédito Pessoal,3711.81,18,330.05,0.0,0,Quitado,2024-07-29
101071,956,Crédito Pessoal,13589.94,30,935.06,5463.16,15,Atrasado,2024-07-05
101072,957,Crédito Pessoal,8776.68,30,603.88,2843.64,0,Em dia,2024-04-26
101073,958,Financiamento Veicular,49627.04,48,1684.48,44788.4,89,Inadimplente,2025-12-14
101074,958,Crédito Pessoal,4858.78,12,563.76,0.0,0,Quitado,2024-11-16
101075,959,Refinanciamento,10626.91,36,523.74,5561.42,56,Inadimplente,2024-08-17
101076,960,Consignado,14843.5,60,480.24,12913.84,0,Em dia,2025-08-21
101077,961,Crédito Pessoal,13748.35,30,945.96,13033.44,0,Em dia,2026-04-20
101078,962,Consignado,8318.06,36,353.11,6335.59,0,em dia,2025-07-24
101079,963,Refinanciamento,19930.44,36,982.26,0.0,0,Quitado,2024-01-10
101080,964,Financiamento Veicular,21400.29,48,726.38,20704.78,0,Em dia,2026-04-17
101081,965,Financiamento Veicular,54181.69,36,2194.58,24833.28,0,Em dia,2024-05-26
101082,966,Crédito Pessoal,13027.99,30,896.4,11334.35,0,Em dia,2026-01-07
101083,967,Crédito Pessoal,6608.32,12,766.76,0.0,0,Quitado,2024-10-20
101084,968,Financiamento Veicular,23026.06,60,694.87,22427.39,21,Atrasado,2026-04-07
101085,969,Refinanciamento,34614.44,24,2155.54,31239.53,0,Em dia,2026-03-08
101086,969,Crédito Pessoal,5292.91,30,364.18,4191.99,0,Em dia,2025-10-13
101087,970,Consignado,15355.3,48,552.88,12111.49,0,Em dia,2025-05-13
101088,971,Crédito Pessoal,10452.72,18,929.45,0.0,0,Quitado,2024-11-25
101089,972,Crédito Pessoal,8975.86,36,577.74,8197.95,0,Em dia,2026-02-12
101090,973,Consignado,14040.69,48,505.55,14040.69,0,Em dia,2026-06-13
101091,974,Consignado,10613.99,48,382.17,6474.53,0,Em dia,2024-06-05
101092,975,Crédito Pessoal,15235.98,18,1354.78,0.0,0,Quitado,2024-05-05
101093,976,Crédito Pessoal,7764.44,30,534.24,6351.31,0,Em dia,2025-11-10
101094,977,Financiamento Veicular,48127.28,36,1949.35,21015.58,40,Inadimplente,2024-04-14
101095,978,Financiamento Veicular,22141.03,48,751.53,16024.57,0,Em dia,2025-01-07
101096,979,Crédito Pessoal,8659.78,18,770.03,5657.73,37,Inadimplente,2025-10-15
101097,979,Consignado,31998.45,24,1789.12,0.0,0,Quitado,2024-05-20
101098,980,Consignado,15190.7,36,644.87,8937.2,73,Inadimplente,2024-11-16
101099,981,Consignado,20434.57,48,735.77,17446.02,0,Em dia,2025-09-03
101100,982,Consignado,7063.71,36,299.87,5533.24,0,Em dia,2025-08-24
101101,983,Crédito Pessoal,12378.8,36,796.78,8355.69,0,Em dia,2025-03-23
101102,984,Consignado,15099.34,24,844.25,0.0,0,Quitado,2024-04-06
101103,985,Crédito Pessoal,9280.8,12,1076.84,0.0,0,Quitado,2024-11-20
101104,986,Financiamento Veicular,41572.05,48,1411.07,27385.59,0,Em dia,2024-09-10
101105,987,Refinanciamento,16807.74,24,1046.67,8613.97,0,Em dia,2025-03-20
101106,988,Consignado,11917.0,36,505.9,5461.96,0,Em dia,2024-05-18
101107,989,Consignado,7818.84,24,437.17,2482.48,9,Atrasado,2024-09-20
101108,990,Refinanciamento,18064.12,36,890.28,12584.67,0,Em dia,2025-04-18
101109,991,Financiamento Veicular,34945.75,36,1415.44,25102.7,0,Em dia,2025-05-02
101110,992,Refinanciamento,27255.34,36,1343.26,17806.82,0,Em dia,2025-02-04
101111,993,Consignado,27106.96,48,976.01,20059.15,0,Em dia,2025-02-16
101112,994,Crédito Pessoal,4319.82,18,384.12,2073.52,0,Em dia,2025-06-08
101113,995,Financiamento Veicular,24531.72,36,993.63,20811.07,0,Em dia,2025-11-30
101114,996,Financiamento Veicular,49266.07,48,1672.23,46864.35,20,Atrasado,2026-03-17
101115,997,Financiamento Veicular,34242.11,36,1386.94,33500.2,33,Inadimplente,2026-05-14
101116,998,Consignado,23247.27,36,986.88,16699.29,5,Atrasado,2025-05-04
101117,999,Consignado,18516.13,48,666.69,18215.25,0,Em dia,2026-05-19
101118,1000,Refinanciamento,18065.57,36,890.35,9454.32,141,Inadimplente,2024-08-13
101119,1001,Crédito Pessoal,5921.23,18,526.52,1815.84,73,Inadimplente,2025-02-16
101120,1002,Crédito Pessoal,6916.8,36,445.21,3020.34,0,Em dia,2024-04-02
101121,1003,Crédito Pessoal,16420.31,12,1905.24,16420.31,0,Em dia,2026-06-26
101122,1004,Consignado,23934.34,60,774.36,20511.73,0,Em dia,2025-07-16
101123,1005,Consignado,20328.06,48,731.93,15042.76,49,Inadimplente,2025-02-12
101124,1006,Financiamento Veicular,58872.0,48,1998.28,50261.97,0,Em dia,2025-09-05
101125,1007,Financiamento Veicular,27007.95,36,1093.93,19400.71,103,Inadimplente,2025-05-27
101126,1008,Financiamento Veicular,36495.69,60,1101.36,26532.37,0,Em dia,2024-09-23
101127,1009,Consignado,14677.18,60,474.86,12005.94,0,Em dia,2025-04-23
101128,1010,Consignado,9841.63,24,550.27,3124.72,0,Em dia,2024-09-11
101129,1010,Financiamento Veicular,49238.58,36,1994.36,22567.68,0,Em dia,2024-05-18
101130,1011,Crédito Pessoal,6083.28,30,418.56,4027.13,0,Em dia,2025-05-08
101131,1012,Refinanciamento,25478.1,24,1586.59,13885.57,0,Em dia,2025-04-01
101132,1013,Consignado,16515.9,60,534.35,13724.72,0,Em dia,2025-05-31
101133,1013,Financiamento Veicular,42222.93,36,1710.2,33074.63,0,Em dia,2025-08-23
101134,1014,Crédito Pessoal,7028.95,12,815.56,3373.9,65,Inadimplente,2025-10-23
101135,1015,Refinanciamento,21283.07,24,1325.36,6065.67,73,Inadimplente,2024-08-14
101136,1016,Financiamento Veicular,42584.13,48,1445.42,38432.17,0,Em dia,2025-12-15
101137,1017,Crédito Pessoal,9208.16,24,700.15,0.0,0,Quitado,2024-01-13
101138,1017,Consignado,28661.75,60,927.3,25308.32,0,Em dia,2025-09-27
101139,1018,Crédito Pessoal,35652.1,12,4136.69,0.0,0,Quitado,2025-02-18
101140,1019,Consignado,13746.94,24,768.63,0.0,0,Quitado,2024-04-28
101141,1020,Financiamento Veicular,30509.61,48,1035.58,16627.74,0,Em dia,2024-02-16
101142,1021,Financiamento Veicular,60688.8,36,2458.14,58058.95,0,Em dia,2026-04-25
101143,1022,Consignado,14339.33,24,801.75,5018.76,0,Em dia,2024-10-30
101144,1023,Crédito Pessoal,4218.68,18,375.12,3853.06,0,Em dia,2026-04-25
101145,1023,Consignado,19424.68,24,1086.09,9955.15,0,Em dia,2025-03-16
101146,1024,Refinanciamento,26549.2,48,1149.75,24392.07,0,Em dia,2026-01-21
101147,1025,Financiamento Veicular,25118.37,60,758.02,15648.75,0,Em dia,2024-01-15
101148,1026,Financiamento Veicular,29970.41,36,1213.92,11788.36,39,Inadimplente,2024-02-01
101149,1027,Crédito Pessoal,4557.49,18,405.25,3767.52,0,Em dia,2026-02-02
101150,1028,Crédito Pessoal,27514.29,36,1770.99,12610.72,0,Em dia,2024-05-25
101151,1029,Crédito Pessoal,8403.69,36,540.91,8403.69,0,Em dia,2026-06-26
101152,1030,Crédito Pessoal,13420.75,36,863.84,12548.4,0,Em dia,2026-03-03
101153,1031,Financiamento Veicular,37942.93,36,1536.84,17390.51,0,Em dia,2024-05-05
101154,1032,Consignado,24325.84,24,1360.13,9304.63,0,Em dia,2024-11-30
101155,1033,Crédito Pessoal,7893.91,12,915.92,2762.87,0,Em dia,2025-08-17
101156,1034,Financiamento Veicular,24596.51,48,834.87,23797.13,0,Em dia,2026-04-20
101157,1035,Crédito Pessoal,9348.65,24,710.83,2664.36,94,Inadimplente,2024-08-22
101158,1036,Financiamento Veicular,28184.44,48,956.66,24520.46,0,Em dia,2025-10-10
101159,1036,Refinanciamento,16581.27,24,1032.56,4186.77,0,Em dia,2024-07-08
101160,1037,Financiamento Veicular,62185.76,60,1876.63,50867.95,18,Atrasado,2025-04-03
101161,1038,Consignado,7129.13,48,256.69,7129.13,0,Em dia,2026-06-29
101162,1039,Financiamento Veicular,33643.05,36,1362.68,31456.25,102,Inadimplente,2026-03-08
101163,1039,Crédito Pessoal,16272.45,24,1237.29,14685.89,0,Em dia,2026-03-01
101164,1040,Consignado,14473.76,24,809.27,6006.61,0,Em dia,2024-12-23
101165,1041,Refinanciamento,7872.81,24,490.26,0.0,0,Quitado,2024-04-03
101166,1042,Crédito Pessoal,7003.3,30,481.86,5728.7,0,Em dia,2025-11-10
101167,1043,Crédito Pessoal,14671.98,30,1009.51,7805.49,0,Em dia,2024-12-14
101168,1044,Crédito Pessoal,11937.76,30,821.38,8213.18,0,Em dia,2025-06-28
101169,1045,Crédito Pessoal,18868.94,30,1298.28,9057.09,44,Inadimplente,2024-10-15
101170,1046,Crédito Pessoal,9634.99,30,662.94,4875.3,0,Em dia,2024-11-06
101171,1047,Consignado,11389.36,60,368.48,11389.36,0,Em dia,2026-06-02
101172,1048,Crédito Pessoal,9006.15,18,800.83,4322.95,0,Em dia,2025-06-07
101173,1049,Crédito Pessoal,9468.15,24,719.92,4237.0,0,Em dia,2025-01-20
101174,1050,Crédito Pessoal,9412.14,30,647.61,7699.13,0,Em dia,2025-11-06
101175,1051,Crédito Pessoal,7454.25,30,512.89,3578.04,0,Em dia,2024-10-21
101176,1052,Consignado,15251.36,36,647.44,7320.65,0,Em dia,2024-06-26
101177,1053,Crédito Pessoal,13496.25,12,1565.96,0.0,0,Quitado,2024-10-08
101178,1054,Crédito Pessoal,10337.04,18,919.17,3617.96,0,Em dia,2025-03-13
101179,1055,Crédito Pessoal,14647.1,12,1699.49,0.0,0,Quitado,2024-04-01
101180,1056,Crédito Pessoal,4352.05,18,386.98,1334.63,0,Em dia,2025-02-28
101181,1057,Consignado,17220.93,60,557.16,13415.11,0,Em dia,2025-01-09
101182,1058,Crédito Pessoal,13607.35,30,936.26,12192.18,0,Em dia,2026-02-17
101183,1059,Crédito Pessoal,9144.63,18,813.14,0.0,0,Quitado,2024-09-02
101184,1060,Consignado,9423.89,60,304.89,7218.7,0,Em dia,2024-12-03
101185,1061,Consignado,10364.7,60,335.33,8882.54,0,Em dia,2025-07-30
101186,1062,Crédito Pessoal,6334.44,24,481.64,5716.84,0,em dia,2026-03-12
101187,1063,Crédito Pessoal,15074.91,36,970.32,9848.94,69,Inadimplente,2025-02-23
101188,1064,Crédito Pessoal,12102.57,12,1404.25,0.0,0,Quitado,2025-01-24
101189,1065,Financiamento Veicular,48590.63,48,1649.3,27271.49,0,Em dia,2024-03-09
101190,1066,Crédito Pessoal,12730.53,12,1477.11,0.0,0,Quitado,2025-05-13
101191,1067,Crédito Pessoal,20724.39,24,1575.8,9274.16,36,Inadimplente,2025-01-15
101192,1068,Crédito Pessoal,9641.9,30,663.42,8388.46,0,Em dia,2026-01-02
101193,1069,Financiamento Veicular,38941.8,48,1321.79,36410.58,42,Inadimplente,2026-02-19
101194,1070,Consignado,14513.74,24,811.5,9325.08,27,Atrasado,2025-07-22
101195,1071,Crédito Pessoal,3779.58,30,260.06,3484.77,0,Em dia,2026-03-12
101196,1072,Consignado,7980.88,36,338.8,4695.42,0,Em dia,2024-11-01
101197,1073,Consignado,9112.72,48,328.11,8816.56,0,Em dia,2026-04-15
101198,1074,Financiamento Veicular,71897.14,60,2169.69,71897.14,0,Em dia,2026-06-17
101199,1074,Financiamento Veicular,47897.45,60,1445.44,45406.78,0,Em dia,2026-02-27
101200,1075,Consignado,8702.65,36,369.44,6251.4,0,Em dia,2025-05-16
101201,1076,Crédito Pessoal,16466.16,12,1910.56,10044.36,0,Em dia,2025-12-12
101202,1077,Consignado,15760.93,60,509.92,15146.26,0,Em dia,2026-03-31
101203,1078,Consignado,6527.98,36,277.12,5820.78,0,Em dia,2026-01-16
101204,1079,Crédito Pessoal,4201.06,24,319.43,1743.44,5,Atrasado,2024-12-22
101205,1080,Financiamento Veicular,38281.81,36,1550.57,24181.35,34,Inadimplente,2025-01-17
101206,1081,Financiamento Veicular,35546.52,48,1206.55,23993.9,0,Em dia,2024-10-03
101207,1082,Financiamento Veicular,43393.13,60,1309.51,40008.47,0,Em dia,2025-12-13
101208,1083,Refinanciamento,13404.59,48,580.51,7087.67,0,Em dia,2024-01-14
101209,1084,Financiamento Veicular,50790.07,48,1723.95,35933.97,0,Em dia,2024-12-16
101210,1085,Crédito Pessoal,7542.39,24,573.49,0.0,0,Quitado,2024-05-20
101211,1086,Crédito Pessoal,4671.86,12,542.07,0.0,0,Quitado,2025-06-04
101212,1086,Crédito Pessoal,3802.97,36,244.78,2649.4,0,Em dia,2025-04-01
101213,1087,Financiamento Veicular,51725.69,36,2095.1,31552.67,0,Em dia,2024-12-17
101214,1088,Crédito Pessoal,7290.2,30,501.6,3878.38,0,Em dia,2024-12-03
101215,1089,Financiamento Veicular,22892.93,36,927.26,12476.65,128,Inadimplente,2024-09-10
101216,1090,Consignado,8370.98,60,270.83,6412.17,0,Em dia,2024-12-24
101217,1091,Financiamento Veicular,28158.22,36,1140.52,19006.8,0,Em dia,2025-03-11
101218,1091,Crédito Pessoal,4850.75,24,368.83,0.0,0,Quitado,2024-02-12
101219,1092,Consignado,9720.72,36,412.66,9088.88,0,Em dia,2026-03-24
101220,1093,Crédito Pessoal,14048.27,24,1068.17,4003.76,0,Em dia,2024-08-10
101221,1094,Consignado,19926.34,60,644.68,13968.36,0,Em dia,2024-07-31
101222,1094,Refinanciamento,17236.16,36,849.47,8646.81,0,Em dia,2024-07-24
101223,1095,Financiamento Veicular,25104.66,48,852.12,23880.81,25,Atrasado,2026-03-03
101224,1096,Refinanciamento,14081.74,24,876.91,3555.64,0,Em dia,2024-07-14
101225,1096,Crédito Pessoal,19153.78,12,2222.4,0.0,0,Quitado,2025-02-24
101226,1097,Crédito Pessoal,6241.41,30,429.44,5916.85,0,Em dia,2026-04-04
101227,1098,Crédito Pessoal,6362.86,36,409.55,6087.14,0,Em dia,2026-04-30
101228,1099,Financiamento Veicular,55291.38,60,1668.57,48103.5,0,Em dia,2025-08-18
101229,1099,Refinanciamento,17022.64,48,737.19,9553.95,0,Em dia,2024-03-25
101230,1100,Crédito Pessoal,8876.34,36,571.34,6376.17,0,Em dia,2025-05-14
101231,1100,Financiamento Veicular,30130.04,48,1022.7,15931.26,0,Em dia,2024-01-30
101232,1101,Crédito Pessoal,17293.44,30,1189.88,6951.96,35,Inadimplente,2024-07-31
101233,1102,Consignado,13115.78,48,472.25,7787.49,0,Em dia,2024-05-14
101234,1102,Refinanciamento,28984.37,36,1428.47,19564.45,0,Em dia,2025-03-05
101235,1103,Consignado,8098.76,24,452.82,3887.41,0,Em dia,2025-02-18
101236,1104,Crédito Pessoal,17858.36,36,1149.48,11667.46,114,Inadimplente,2025-02-17
101237,1105,Crédito Pessoal,8894.33,12,1032.0,0.0,0,Quitado,2025-04-15
101238,1106,Crédito Pessoal,12171.86,36,783.46,9270.9,0,Em dia,2025-07-01
101239,1107,Crédito Pessoal,8595.02,24,653.53,2449.58,44,Inadimplente,2024-08-24
101240,1108,Crédito Pessoal,10429.15,30,717.58,6904.1,0,Em dia,2025-05-10
101241,1109,Crédito Pessoal,12701.85,30,873.96,6427.14,0,Em dia,2024-11-04
101242,1110,Financiamento Veicular,32571.84,48,1105.58,30983.96,48,Inadimplente,2026-03-05
101243,1111,Financiamento Veicular,84382.71,36,3417.84,75241.25,54,Inadimplente,2026-01-19
101244,1112,Crédito Pessoal,4848.52,36,312.08,4533.37,0,Em dia,2026-03-09
101245,1113,Financiamento Veicular,55050.37,36,2229.76,46701.07,134,Inadimplente,2025-11-02
101246,1114,Consignado,8250.58,36,350.25,5032.85,0,Em dia,2024-12-03
101247,1115,Consignado,19950.47,48,718.34,16060.13,0,Em dia,2025-06-13
101248,1116,Refinanciamento,21171.65,24,1318.42,0.0,0,Quitado,2025-03-27
101249,1117,Consignado,18535.94,24,1036.4,0.0,0,Quitado,2025-01-10
101250,1118,Crédito Pessoal,12253.01,24,931.67,12253.01,0,Em dia,2026-06-10
101251,1119,Refinanciamento,51992.22,48,2251.6,34249.87,0,Em dia,2024-09-03
101252,1119,Financiamento Veicular,27680.6,48,939.56,20933.46,0,Em dia,2025-03-30
101253,1120,Financiamento Veicular,38418.84,48,1304.04,22186.88,0,Em dia,2024-04-27
101254,1121,Financiamento Veicular,45620.64,36,1847.82,18932.57,24,Atrasado,2024-03-02
101255,1122,Financiamento Veicular,31960.91,48,1084.84,30402.82,0,Em dia,2026-03-18
101256,1123,Crédito Pessoal,7729.61,36,497.53,2872.84,0,Em dia,2024-01-09
101257,1124,Financiamento Veicular,28922.22,36,1171.47,22655.74,0,Em dia,2025-08-24
101258,1125,Crédito Pessoal,6720.24,30,462.39,5147.7,24,Atrasado,2025-09-18
101259,1126,Refinanciamento,10642.04,48,460.87,5972.85,0,Em dia,2024-03-07
101260,1127,Crédito Pessoal,12816.84,36,824.97,6152.08,0,Em dia,2024-06-28
101261,1127,Crédito Pessoal,21828.51,12,2532.74,0.0,0,Quitado,2024-11-25
101262,1128,Crédito Pessoal,10153.46,36,653.54,4873.66,0,Em dia,2024-06-01
101263,1129,Consignado,11489.51,48,413.69,8875.65,0,Em dia,2025-04-02
101264,1130,Consignado,11510.89,36,488.66,9016.86,0,Em dia,2025-08-24
101265,1131,Crédito Pessoal,3590.31,30,247.03,3403.61,0,Em dia,2026-04-18
101266,1132,Crédito Pessoal,6616.21,24,503.07,0.0,0,Quitado,2024-02-19
101267,1133,Crédito Pessoal,12036.41,36,774.74,7342.21,0,Em dia,2024-12-07
101268,1134,Crédito Pessoal,9996.18,24,760.07,8046.92,0,em dia,2025-12-16
101269,1135,Crédito Pessoal,11626.77,24,884.05,8981.68,0,Em dia,2025-11-28
101270,1136,Financiamento Veicular,81949.79,36,3319.29,34009.16,74,Inadimplente,2024-03-11
101271,1137,Consignado,33270.26,48,1197.93,28404.48,0,Em dia,2025-09-04
101272,1138,Crédito Pessoal,26833.59,12,3113.48,16368.49,0,Em dia,2025-12-15
101273,1139,Consignado,8482.66,24,474.29,0.0,0,Quitado,2024-06-17
101274,1140,Crédito Pessoal,11593.42,36,746.23,11593.42,18,Atrasado,2026-06-05
101275,1141,Crédito Pessoal,13822.91,12,1603.86,12924.42,28,Atrasado,2026-05-18
101276,1142,Crédito Pessoal,9420.79,24,716.32,8502.26,0,Em dia,2026-03-12
101277,1143,Crédito Pessoal,10540.97,36,678.48,8713.87,0,Em dia,2025-10-20
101278,1143,Crédito Pessoal,8061.95,36,518.92,3345.71,0,Em dia,2024-03-29
101279,1144,Crédito Pessoal,5250.47,36,337.95,2633.98,0,Em dia,2024-07-10
101280,1144,Crédito Pessoal,12007.0,18,1067.66,12007.0,0,Em dia,2026-06-05
101281,1145,Crédito Pessoal,11705.14,12,1358.14,3335.96,0,Em dia,2025-07-20
101282,1146,Consignado,11040.37,60,357.19,9605.12,57,Inadimplente,2025-08-17
101283,1147,Consignado,12451.18,36,528.57,4627.69,0,Em dia,2024-01-27
101284,1147,Crédito Pessoal,7423.54,24,564.45,6941.01,0,Em dia,2026-04-19
101285,1148,Financiamento Veicular,29112.11,48,988.14,25327.54,0,Em dia,2025-10-26
101286,1148,Crédito Pessoal,2833.59,18,251.96,1114.55,0,Em dia,2025-04-04
101287,1149,Crédito Pessoal,6662.27,36,428.83,3919.64,0,Em dia,2024-11-27
101288,1150,Crédito Pessoal,5202.07,24,395.54,3680.46,0,Em dia,2025-09-12
101289,1151,Financiamento Veicular,41322.43,60,1247.02,35413.32,0,Em dia,2025-07-21
101290,1152,Crédito Pessoal,8977.26,12,1041.62,0.0,0,Quitado,2024-06-04
101291,1152,Crédito Pessoal,14893.89,30,1024.78,3663.9,53,Inadimplente,2024-01-20
101292,1153,Consignado,9490.9,48,341.73,6560.59,0,Em dia,2024-11-20
101293,1154,Crédito Pessoal,5643.96,24,429.14,2342.24,0,Em dia,2024-12-17
101294,1155,Consignado,6545.0,24,365.95,2716.18,0,Em dia,2024-12-13
101295,1156,Crédito Pessoal,9829.46,12,1140.51,0.0,0,Quitado,2024-12-27
101296,1156,Consignado,6287.21,48,226.38,5878.55,0,Em dia,2026-02-17
101297,1157,Crédito Pessoal,7047.07,12,817.67,5672.89,0,Em dia,2026-03-31
101298,1158,Consignado,12938.84,60,418.62,8229.1,0,em dia,2024-02-10
101299,1159,Refinanciamento,27751.16,24,1728.14,13320.56,0,Em dia,2025-02-24
101300,1160,Crédito Pessoal,5314.24,18,472.54,3702.26,0,Em dia,2025-11-19
101301,1161,Crédito Pessoal,19643.29,18,1746.68,0.0,0,Quitado,2024-02-22
101302,1162,Financiamento Veicular,53230.94,36,2156.07,33624.21,0,Em dia,2025-01-21
101303,1163,Consignado,9350.24,60,302.51,7770.05,90,Inadimplente,2025-05-05
101304,1164,Crédito Pessoal,5718.98,30,393.5,5272.9,0,Em dia,2026-03-28
101305,1165,Consignado,5683.06,36,241.25,4328.59,0,Em dia,2025-07-30
101306,1166,Consignado,15373.12,60,497.37,13174.76,0,Em dia,2025-07-19
101307,1167,Financiamento Veicular,31227.16,48,1059.94,22600.66,124,Inadimplente,2025-01-16
101308,1168,Crédito Pessoal,29526.24,12,3425.91,0.0,0,Quitado,2024-03-31
101309,1168,Crédito Pessoal,19745.68,24,1501.38,15253.54,129,Inadimplente,2025-11-01
101310,1169,Consignado,12784.79,60,413.63,11122.77,0,Em dia,2025-08-16
101311,1170,Refinanciamento,27033.3,48,1170.72,17368.9,76,Inadimplente,2024-08-10
101312,1171,Financiamento Veicular,28146.6,60,849.4,22658.01,0,Em dia,2025-03-08
101313,1172,Crédito Pessoal,25726.9,18,2287.63,0.0,0,Quitado,2024-08-15
101314,1173,Crédito Pessoal,7171.66,12,832.12,0.0,0,Quitado,2025-06-24
101315,1174,Financiamento Veicular,25346.48,48,860.33,21639.56,0,Em dia,2025-09-03
101316,1175,Consignado,5064.65,36,215.0,3528.37,0,Em dia,2025-04-27
101317,1176,Crédito Pessoal,12815.96,36,824.92,7540.06,0,Em dia,2024-11-26
101318,1177,Financiamento Veicular,34739.66,48,1179.16,34739.66,0,Em dia,2026-06-07
101319,1178,Refinanciamento,41426.25,24,2579.73,0.0,0,Quitado,2024-12-02
101320,1179,Consignado,16638.52,24,930.31,16097.77,0,Em dia,2026-05-14
101321,1180,Financiamento Veicular,49179.77,36,1991.98,23606.29,69,Inadimplente,2024-06-29
101322,1181,Refinanciamento,13321.12,36,656.52,6971.39,12,Atrasado,2024-08-13
101323,1182,Crédito Pessoal,10374.87,24,788.86,4305.57,129,Inadimplente,2024-12-05
101324,1183,Consignado,22716.89,48,817.94,12749.85,0,Em dia,2024-03-15
101325,1184,Financiamento Veicular,24788.99,48,841.41,23983.34,0,Em dia,2026-04-20
101326,1185,Crédito Pessoal,6193.42,12,718.62,0.0,0,Quitado,2025-01-11
101327,1185,Crédito Pessoal,3565.5,36,229.5,3101.99,0,Em dia,2025-12-26
101328,1186,Crédito Pessoal,3227.09,36,207.72,2807.56,33,Inadimplente,2025-12-14
101329,1187,Financiamento Veicular,50600.24,48,1717.51,39088.68,0,Em dia,2025-04-05
101330,1188,Consignado,15847.66,48,570.61,12757.36,0,Em dia,2025-06-14
101331,1189,Financiamento Veicular,37616.98,48,1276.82,27836.57,0,Em dia,2025-02-22
101332,1190,Crédito Pessoal,5630.62,12,653.32,1604.73,0,Em dia,2025-07-09
101333,1191,Refinanciamento,33449.63,36,1648.54,20404.27,0,Em dia,2024-12-17
101334,1192,Consignado,8609.2,24,481.36,6650.6,0,Em dia,2025-11-29
101335,1193,Crédito Pessoal,6080.21,36,391.36,6080.21,0,Em dia,2026-06-01
101336,1194,Refinanciamento,13958.94,24,869.26,9875.95,0,Em dia,2025-09-05
101337,1195,Crédito Pessoal,15349.26,18,1364.85,8697.91,0,Em dia,2025-08-25
101338,1195,Refinanciamento,14348.78,48,621.39,12949.78,0,Em dia,2025-12-12
101339,1196,Consignado,12379.53,24,692.17,4735.17,0,Em dia,2024-11-28
101340,1196,Refinanciamento,5007.16,36,246.77,3488.32,0,Em dia,2025-04-27
101341,1197,Crédito Pessoal,15859.42,12,1840.16,8643.38,0,Em dia,2025-11-26
101342,1198,Crédito Pessoal,3613.84,18,321.34,2517.64,0,Em dia,2025-11-16
101343,1199,Financiamento Veicular,32989.21,48,1119.74,25484.16,0,Em dia,2025-04-28
101344,1199,Crédito Pessoal,13081.71,30,900.09,8660.09,0,Em dia,2025-05-23
101345,1200,Refinanciamento,20411.54,48,883.95,12451.04,0,Em dia,2024-06-12
101346,1201,Financiamento Veicular,56288.41,36,2279.91,39214.26,0,Em dia,2025-04-01
101347,1202,Refinanciamento,37736.75,36,1859.82,28742.83,0,Em dia,2025-07-05
101348,1203,Crédito Pessoal,5834.79,24,443.65,0.0,0,Quitado,2024-03-07
101349,1204,Crédito Pessoal,6631.88,30,456.31,5252.45,0,Em dia,2025-10-07
101350,1204,Consignado,7782.99,60,251.81,5051.16,0,Em dia,2024-03-14
101351,1205,Refinanciamento,10746.91,48,465.41,6380.98,0,Em dia,2024-05-09
101352,1206,Refinanciamento,16140.17,36,795.45,13342.54,0,Em dia,2025-10-27
101353,1207,Financiamento Veicular,33774.98,36,1368.02,18407.37,0,Em dia,2024-09-12
101354,1208,Crédito Pessoal,24984.14,24,1899.69,0.0,0,Quitado,2024-01-15
101355,1209,Crédito Pessoal,7104.96,30,488.86,4888.22,0,Em dia,2025-06-20
101356,1210,Financiamento Veicular,35200.48,36,1425.76,29099.06,0,Em dia,2025-10-12
101357,1211,Crédito Pessoal,7661.94,30,527.18,3876.94,0,Em dia,2024-11-16
101358,1212,Consignado,16128.94,48,580.74,11411.22,70,Inadimplente,2024-12-14
101359,1213,Financiamento Veicular,62052.68,36,2513.38,45918.99,54,Inadimplente,2025-06-20
101360,1214,Financiamento Veicular,15748.92,36,637.89,14725.24,13,Atrasado,2026-03-21
101361,1215,Financiamento Veicular,36567.04,60,1103.51,30862.58,0,Em dia,2025-06-12
101362,1215,Crédito Pessoal,5889.88,24,447.84,4167.09,0,Em dia,2025-09-14
101363,1216,Financiamento Veicular,29678.55,60,895.63,25820.34,0,Em dia,2025-08-17
101364,1217,Consignado,12801.99,24,715.8,0.0,0,Quitado,2024-03-25
101365,1218,Crédito Pessoal,4499.56,24,342.13,2159.79,116,Inadimplente,2025-02-04
101366,1219,Consignado,24434.63,60,790.54,17128.68,0,Em dia,2024-07-22
101367,1220,Crédito Pessoal,2892.26,30,199.0,1162.69,0,Em dia,2024-07-29
101368,1221,Crédito Pessoal,8690.14,24,660.76,7277.99,0,Em dia,2026-01-24
101369,1222,Crédito Pessoal,13453.05,12,1560.95,0.0,0,Quitado,2024-04-09
101370,1223,Consignado,41785.42,24,2336.34,34995.29,65,Inadimplente,2026-01-18
101371,1224,Financiamento Veicular,48178.25,60,1453.91,40662.44,0,Em dia,2025-06-25
101372,1225,Crédito Pessoal,7937.81,18,705.83,5186.03,0,Em dia,2025-10-19
101373,1226,Crédito Pessoal,5276.41,24,401.2,3218.61,0,Em dia,2025-06-05
101374,1227,Crédito Pessoal,5556.49,24,422.49,3750.63,0,Em dia,2025-08-14
101375,1228,Consignado,12629.85,24,706.17,10577.5,0,Em dia,2026-01-21
101376,1229,Crédito Pessoal,11252.07,18,1000.53,8814.12,1,Atrasado,2026-01-22
101377,1230,Crédito Pessoal,4249.77,36,273.54,2316.12,0,Em dia,2024-09-22
101378,1231,Financiamento Veicular,55524.17,60,1675.59,40366.07,9,Atrasado,2024-09-06
101379,1232,Crédito Pessoal,18000.37,12,2088.57,0.0,0,Quitado,2025-06-01
101380,1233,Consignado,10563.95,24,590.66,7817.32,0,Em dia,2025-10-27
101381,1234,Crédito Pessoal,4170.74,30,286.97,1459.76,0,Em dia,2024-05-19
101382,1235,Crédito Pessoal,4261.59,24,324.03,1076.05,0,Em dia,2024-07-07
101383,1236,Consignado,8944.71,60,289.39,7549.33,134,Inadimplente,2025-06-27
101384,1237,Refinanciamento,17899.19,24,1114.63,17899.19,42,Inadimplente,2026-06-26
101385,1238,Consignado,14405.05,60,466.05,10659.74,0,Em dia,2024-10-11
101386,1238,Consignado,10819.53,60,350.05,7725.15,0,Em dia,2024-08-27
101387,1239,Consignado,5094.63,36,216.27,2335.04,0,Em dia,2024-05-19
101388,1240,Crédito Pessoal,10381.36,18,923.11,4533.19,38,Inadimplente,2025-05-20
101389,1241,Crédito Pessoal,9480.1,30,652.28,5043.41,0,Em dia,2024-12-24
101390,1242,Refinanciamento,41055.46,24,2556.64,27712.44,73,Inadimplente,2025-08-28
101391,1243,Refinanciamento,27965.55,24,1741.49,0.0,0,Quitado,2024-04-17
101392,1244,Consignado,23694.98,48,853.16,17149.24,0,Em dia,2025-01-18
101393,1245,Consignado,5803.58,36,246.37,5300.61,0,Em dia,2026-02-27
101394,1246,Refinanciamento,29052.68,24,1809.19,11112.65,0,Em dia,2024-11-02
101395,1247,Consignado,9088.49,36,385.82,6134.73,0,Em dia,2025-03-17
101396,1248,Consignado,12348.81,60,399.53,9780.25,0,Em dia,2025-02-26
101397,1249,Refinanciamento,22153.79,48,959.4,14593.81,0,Em dia,2024-09-27
101398,1250,Crédito Pessoal,7687.66,30,528.95,4289.71,0,Em dia,2025-01-01
101399,1251,Financiamento Veicular,47601.63,48,1615.73,27489.94,59,Inadimplente,2024-04-17
101400,1252,Consignado,11871.37,48,427.44,9363.54,0,Em dia,2025-05-04
101401,1253,Crédito Pessoal,9430.98,12,1094.27,4526.87,0,Em dia,2025-10-03
101402,1254,Crédito Pessoal,16964.22,24,1289.89,6488.81,0,Em dia,2024-11-24
101403,1255,Crédito Pessoal,4754.46,18,422.77,0.0,0,Quitado,2024-07-30
101404,1256,Crédito Pessoal,7663.23,18,681.41,4010.42,0,Em dia,2025-07-31
101405,1257,Consignado,16480.03,36,699.6,10052.82,0,Em dia,2024-12-08
101406,1258,Refinanciamento,26068.16,48,1128.92,14630.76,14,Atrasado,2024-03-09
101407,1259,Crédito Pessoal,10503.47,36,676.07,6634.69,0,Em dia,2025-01-12
101408,1260,Consignado,4494.4,36,190.79,3228.48,0,Em dia,2025-05-13
101409,1261,Consignado,15747.99,24,880.51,7559.04,0,Em dia,2025-02-28
101410,1262,Crédito Pessoal,5080.7,12,589.51,0.0,0,Quitado,2024-12-31
101411,1263,Crédito Pessoal,4965.26,30,341.64,2770.61,16,Atrasado,2025-01-12
101412,1264,Financiamento Veicular,39872.07,60,1203.25,39872.07,0,Em dia,2026-06-14
101413,1265,Crédito Pessoal,26904.92,24,2045.74,0.0,0,Quitado,2025-04-24
101414,1266,Financiamento Veicular,40464.13,36,1638.96,29943.45,0,Em dia,2025-06-05
101415,1267,Crédito Pessoal,20115.25,12,2333.96,0.0,0,Quitado,2024-09-13
101416,1267,Crédito Pessoal,7536.35,18,670.13,4923.75,0,Em dia,2025-10-21
101417,1268,Consignado,8366.71,60,270.69,5212.46,0,Em dia,2024-01-10
101418,1269,Crédito Pessoal,2000.0,12,232.06,0.0,0,Quitado,2024-11-21
101419,1270,Crédito Pessoal,5997.65,30,412.67,2255.12,0,Em dia,2024-06-08
101420,1270,Refinanciamento,19830.12,24,1234.88,6296.06,0,Em dia,2024-09-09
101421,1271,Consignado,29271.71,24,1636.66,11196.43,0,Em dia,2024-11-17
101422,1272,Crédito Pessoal,14312.98,24,1088.3,0.0,0,Quitado,2025-02-16
101423,1273,Financiamento Veicular,22794.71,48,773.71,13904.77,0,Em dia,2024-06-13
101424,1273,Crédito Pessoal,8480.87,12,984.03,0.0,0,Quitado,2024-11-27
101425,1274,Crédito Pessoal,6681.78,36,430.08,4075.89,0,Em dia,2024-12-29
101426,1274,Financiamento Veicular,41079.73,36,1663.89,31289.06,0,Em dia,2025-07-06
101427,1275,Financiamento Veicular,55518.19,36,2248.71,53112.4,112,Inadimplente,2026-04-30
101428,1276,Crédito Pessoal,6450.26,24,490.45,4563.56,0,Em dia,2025-09-01
101429,1276,Refinanciamento,9159.83,36,451.43,4198.25,0,Em dia,2024-05-07
101430,1277,Refinanciamento,6553.18,24,408.09,4636.38,0,Em dia,2025-09-05
101431,1278,Crédito Pessoal,4502.45,18,400.36,2941.6,0,Em dia,2025-10-01
101432,1279,Crédito Pessoal,7337.2,18,652.42,0.0,0,Quitado,2024-09-25
101433,1280,Refinanciamento,17676.64,24,1100.77,15953.17,50,Inadimplente,2026-03-22
101434,1281,Crédito Pessoal,8281.38,18,736.38,5051.64,0,Em dia,2025-09-20
101435,1282,Crédito Pessoal,11805.85,18,1049.78,7713.16,0,Em dia,2025-10-30
101436,1282,Crédito Pessoal,3467.76,30,238.6,2475.98,0,Em dia,2025-07-13
101437,1283,Refinanciamento,39919.24,24,2485.88,26945.49,116,Inadimplente,2025-08-02
101438,1283,Consignado,18664.51,60,603.86,16480.76,0,Em dia,2025-09-08
101439,1284,Crédito Pessoal,6126.51,30,421.54,1507.12,125,Inadimplente,2024-01-13
101440,1285,Consignado,13125.26,60,424.65,12784.0,0,Em dia,2026-04-20
101441,1286,Crédito Pessoal,4694.19,18,417.41,0.0,0,Quitado,2025-06-06
101442,1286,Crédito Pessoal,12547.97,30,863.37,5696.78,0,Em dia,2024-09-02
101443,1287,Refinanciamento,12748.7,36,628.31,6948.04,0,Em dia,2024-09-10
101444,1288,Crédito Pessoal,15317.81,24,1164.7,6356.89,0,Em dia,2024-12-11
101445,1289,Crédito Pessoal,8390.23,18,746.06,7299.5,0,Em dia,2026-03-16
101446,1290,Crédito Pessoal,7944.67,36,511.37,4329.85,0,Em dia,2024-09-19
101447,1291,Consignado,5360.8,60,173.44,4594.21,0,Em dia,2025-07-21
101448,1292,Crédito Pessoal,7054.2,12,818.49,0.0,0,Quitado,2025-04-20
101449,1292,Refinanciamento,15084.07,36,743.41,5606.25,0,Em dia,2024-01-03
101450,1293,Crédito Pessoal,6359.84,36,409.36,4568.49,0,Em dia,2025-05-02
101451,1293,Crédito Pessoal,11748.46,30,808.36,3195.58,0,Em dia,2024-02-01
101452,1294,Consignado,13547.84,24,757.5,0.0,0,Quitado,2024-02-06
101453,1294,Consignado,24779.05,24,1385.47,17531.18,0,Em dia,2025-09-08
101454,1295,Crédito Pessoal,10746.83,18,955.61,0.0,0,Quitado,2024-07-16
101455,1296,Financiamento Veicular,36801.68,60,1110.59,35844.84,26,Atrasado,2026-04-06
101456,1297,Financiamento Veicular,29376.34,36,1189.86,29376.34,0,Em dia,2026-06-05
101457,1298,Refinanciamento,23995.65,48,1039.17,18146.71,19,Atrasado,2025-03-27
101458,1298,Crédito Pessoal,6436.36,24,489.39,0.0,0,Quitado,2024-06-01
101459,1299,Refinanciamento,9057.24,48,392.24,5819.28,0,Em dia,2024-08-09
101460,1300,Financiamento Veicular,55100.24,60,1662.8,42923.09,0,Em dia,2025-01-22
101461,1300,Crédito Pessoal,4970.66,18,441.99,4324.47,0,Em dia,2026-03-17
101462,1301,Consignado,14799.52,48,532.87,9749.18,0,Em dia,2024-09-18
101463,1302,Crédito Pessoal,6362.82,30,437.8,3219.59,0,Em dia,2024-11-10
101464,1303,Consignado,7402.05,60,239.48,4803.93,0,Em dia,2024-03-09
101465,1304,Financiamento Veicular,43868.66,60,1323.86,33033.1,35,Inadimplente,2024-11-08
101466,1304,Financiamento Veicular,29842.26,48,1012.93,16264.03,0,Em dia,2024-02-19
101467,1305,Financiamento Veicular,33285.47,36,1348.19,24631.25,46,Inadimplente,2025-06-18
101468,1306,Crédito Pessoal,15595.34,12,1809.51,5458.37,0,Em dia,2025-08-04
101469,1307,Crédito Pessoal,11338.15,36,729.8,9618.53,0,Em dia,2025-11-02
101470,1308,Refinanciamento,17794.13,24,1108.09,13167.66,0,Em dia,2025-10-31
101471,1308,Crédito Pessoal,13002.94,30,894.67,12326.79,24,Atrasado,2026-04-04
101472,1309,Crédito Pessoal,5726.87,36,368.62,5602.79,0,Em dia,2026-05-04
101473,1310,Crédito Pessoal,9541.07,24,725.46,6130.14,0,Em dia,2025-07-22
101474,1311,Consignado,12767.02,60,413.06,8285.8,35,Inadimplente,2024-03-12
101475,1312,Consignado,11252.77,48,405.17,11069.91,0,Em dia,2026-05-11
101476,1313,Refinanciamento,25276.26,48,1094.63,17882.96,0,Em dia,2024-12-13
101477,1314,Crédito Pessoal,3197.14,12,370.96,911.19,0,Em dia,2025-07-07
101478,1314,Financiamento Veicular,34863.7,48,1183.37,23533.0,0,Em dia,2024-10-09
101479,1315,Consignado,18309.88,36,777.28,7598.6,0,Em dia,2024-03-11
101480,1316,Refinanciamento,20737.94,36,1022.05,16694.04,0,Em dia,2025-09-15
101481,1317,Consignado,14055.46,36,596.68,5223.94,0,Em dia,2024-01-09
101482,1318,Consignado,6049.92,60,195.74,3926.4,0,Em dia,2024-03-18
101483,1319,Refinanciamento,40925.85,24,2548.57,10333.78,41,Inadimplente,2024-07-18
101484,1320,Financiamento Veicular,55595.95,36,2251.86,25481.48,0,Em dia,2024-05-13
101485,1321,Financiamento Veicular,49123.7,48,1667.39,45132.4,0,Em dia,2026-01-03
101486,1322,Refinanciamento,21109.59,48,914.18,17336.25,11,Atrasado,2025-07-25
101487,1323,Financiamento Veicular,45300.78,36,1834.86,25670.44,0,Em dia,2024-10-24
101488,1324,Consignado,16981.83,24,949.5,11462.73,0,Em dia,2025-08-15
101489,1324,Crédito Pessoal,7464.03,12,866.05,0.0,0,Quitado,2025-06-29
101490,1325,Consignado,10784.11,48,388.29,9382.17,0,Em dia,2025-10-31
101491,1326,Crédito Pessoal,9814.39,36,631.72,4072.97,0,Em dia,2024-03-28
101492,1327,Refinanciamento,29066.83,24,1810.07,28122.16,144,Inadimplente,2026-05-27
101493,1327,Consignado,27717.87,48,998.01,21862.47,0,Em dia,2025-05-29
101494,1328,Crédito Pessoal,12779.34,30,879.29,11782.55,0,Em dia,2026-03-31
101495,1329,Crédito Pessoal,6379.99,18,567.31,5550.59,0,Em dia,2026-03-10
101496,1330,Crédito Pessoal,15911.14,24,1209.82,4017.56,14,Atrasado,2024-07-04
101497,1331,Consignado,13259.96,24,741.4,4640.98,0,Em dia,2024-10-14
101498,1332,Crédito Pessoal,5290.07,18,470.39,2080.76,0,Em dia,2025-04-12
101499,1333,Refinanciamento,14349.95,36,707.23,5955.23,0,Em dia,2024-03-28
101500,1334,Consignado,12624.99,48,454.58,8111.56,0,Em dia,2024-08-27
101501,1335,Crédito Pessoal,12240.25,18,1088.4,9057.78,0,Em dia,2025-12-18
101502,1336,Financiamento Veicular,63529.27,60,1917.17,52792.82,0,Em dia,2025-05-20
101503,1337,Consignado,11844.24,24,662.24,11459.3,0,Em dia,2026-05-19
101504,1338,Consignado,9603.88,24,536.98,4609.86,0,Em dia,2025-02-13
101505,1339,Crédito Pessoal,10250.74,36,659.8,0.0,0,Quitado,2024-09-15
101506,1340,Refinanciamento,8597.91,24,535.42,3847.57,0,Em dia,2025-01-18
101507,1340,Refinanciamento,15598.12,36,768.74,5797.3,42,Inadimplente,2024-01-26
101508,1341,Consignado,24721.02,48,890.1,18695.27,0,Em dia,2025-03-22
101509,1342,Consignado,13945.85,36,592.02,6391.85,0,Em dia,2024-05-04
101510,1343,Financiamento Veicular,56110.4,60,1693.28,50274.92,0,Em dia,2025-10-29
101511,1344,Consignado,21966.11,48,790.91,11971.53,0,Em dia,2024-02-28
101512,1345,Financiamento Veicular,27335.81,36,1107.21,17267.12,0,Em dia,2025-01-20
101513,1346,Crédito Pessoal,15795.65,18,1404.55,0.0,0,Quitado,2024-02-02
101514,1347,Consignado,78517.97,48,2827.12,45344.13,0,Em dia,2024-04-25
101515,1348,Financiamento Veicular,31414.06,36,1272.4,21204.49,0,Em dia,2025-03-06
101516,1349,Financiamento Veicular,28114.32,48,954.28,15322.3,0,Em dia,2024-02-15
101517,1350,Financiamento Veicular,22921.05,48,778.0,19568.85,0,Em dia,2025-09-09
101518,1351,Crédito Pessoal,22441.41,18,1995.49,12716.8,0,Em dia,2025-08-01
101519,1352,Crédito Pessoal,5476.89,36,352.53,2391.58,0,Em dia,2024-04-25
101520,1353,Crédito Pessoal,11564.68,30,795.71,11564.68,121,Inadimplente,2026-06-09
101521,1354,Crédito Pessoal,11411.54,12,1324.07,3994.04,23,Atrasado,2025-08-23
101522,1354,Consignado,21251.93,60,687.57,19594.28,0,Em dia,2025-12-07
101523,1355,Consignado,10070.95,60,325.83,9154.5,0,Em dia,2025-11-30
101524,1356,Consignado,11643.86,36,494.3,6345.91,0,Em dia,2024-09-24
101525,1357,Crédito Pessoal,9730.95,36,626.35,9309.27,0,Em dia,2026-04-21
101526,1357,Consignado,6746.75,60,218.28,5343.42,0,Em dia,2025-02-08
101527,1358,Consignado,9365.29,36,397.57,3683.68,0,Em dia,2024-02-02
101528,1359,Consignado,15656.73,36,664.65,0.0,0,Quitado,2024-03-31
101529,1360,Crédito Pessoal,7313.59,30,503.21,6743.13,0,Em dia,2026-03-19
101530,1360,Refinanciamento,12468.74,48,539.98,7200.7,0,Em dia,2024-04-23
101531,1361,Financiamento Veicular,36409.3,36,1474.72,34042.69,0,Em dia,2026-03-09
101532,1362,Consignado,12676.81,48,456.44,9174.84,0,Em dia,2025-01-16
101533,1363,Refinanciamento,22751.02,48,985.27,14247.82,0,Em dia,2024-07-06
101534,1364,Crédito Pessoal,17032.88,30,1171.95,6847.22,0,Em dia,2024-07-10
101535,1365,Crédito Pessoal,7490.91,30,515.42,3790.4,0,Em dia,2024-11-05
101536,1366,Crédito Pessoal,29831.29,30,2052.55,18197.09,0,Em dia,2025-03-21
101537,1366,Financiamento Veicular,47432.77,48,1610.0,44349.64,0,Em dia,2026-02-28
101538,1367,Consignado,41423.46,36,1758.49,20780.77,42,Inadimplente,2024-07-30
101539,1368,Financiamento Veicular,14903.9,60,449.77,10060.13,0,Em dia,2024-05-27
101540,1369,Crédito Pessoal,5747.22,24,436.99,1451.17,0,Em dia,2024-07-11
101541,1370,Consignado,17679.94,24,988.54,13657.75,0,Em dia,2025-11-07
101542,1371,Consignado,9113.11,48,328.13,7484.14,0,Em dia,2025-07-17
101543,1371,Refinanciamento,19726.13,48,854.27,15879.53,0,Em dia,2025-06-25
101544,1372,Financiamento Veicular,31441.95,36,1273.53,23267.05,0,Em dia,2025-06-26
101545,1373,Financiamento Veicular,35154.41,60,1060.88,33326.38,0,Em dia,2026-02-01
101546,1374,Financiamento Veicular,68915.1,48,2339.17,53236.91,0,Em dia,2025-04-30
101547,1374,Crédito Pessoal,11520.9,30,792.7,11221.36,142,Inadimplente,2026-05-08
101548,1375,Refinanciamento,19409.97,24,1208.71,18148.32,32,Inadimplente,2026-04-05
101549,1376,Crédito Pessoal,26820.64,18,2384.89,22171.73,0,Em dia,2026-02-09
101550,1377,Crédito Pessoal,9416.59,36,606.11,6560.22,0,Em dia,2025-04-27
101551,1378,Financiamento Veicular,38112.17,60,1150.14,37616.71,0,Em dia,2026-05-13
101552,1378,Crédito Pessoal,8043.11,18,715.19,4557.76,7,Atrasado,2025-08-01
101553,1379,Crédito Pessoal,7538.35,18,670.31,0.0,0,Quitado,2024-12-08
101554,1380,Financiamento Veicular,66223.81,60,1998.48,64501.99,0,Em dia,2026-04-27
101555,1381,Crédito Pessoal,7323.03,18,651.16,5419.05,0,Em dia,2025-12-13
101556,1382,Crédito Pessoal,4990.79,18,443.78,0.0,0,Quitado,2024-11-03
101557,1383,Crédito Pessoal,11436.93,36,736.15,6233.13,0,Em dia,2024-09-30
101558,1384,Consignado,7690.57,24,430.0,4691.25,0,Em dia,2025-06-06
101559,1385,Consignado,38422.08,36,1631.08,20107.56,0,Em dia,2024-08-25
101560,1386,Crédito Pessoal,16460.33,24,1251.57,5226.15,141,Inadimplente,2024-09-30
101561,1387,Financiamento Veicular,41611.49,48,1412.41,32144.88,0,Em dia,2025-04-26
101562,1388,Consignado,31526.46,24,1762.73,0.0,0,Quitado,2024-06-23
101563,1389,Crédito Pessoal,3749.32,12,435.03,3505.62,93,Inadimplente,2026-05-30
101564,1390,Financiamento Veicular,55966.54,60,1688.94,39232.55,0,Em dia,2024-07-18
101565,1391,Refinanciamento,17485.39,36,861.75,13696.89,0,Em dia,2025-08-10
101566,1392,Consignado,11437.84,36,485.55,6233.62,0,Em dia,2024-09-24
101567,1393,Crédito Pessoal,5936.08,12,688.76,0.0,0,Quitado,2025-06-06
101568,1394,Consignado,9040.16,60,292.48,6689.72,0,Em dia,2024-10-30
101569,1395,Crédito Pessoal,24908.94,24,1893.97,13575.37,137,Inadimplente,2025-04-10
101570,1396,Financiamento Veicular,43773.5,48,1485.79,35237.66,0,Em dia,2025-06-11
101571,1397,Refinanciamento,26788.9,48,1160.13,18953.15,1,Atrasado,2024-12-20
101572,1398,Crédito Pessoal,20080.92,12,2329.97,17470.4,0,Em dia,2026-04-23
101573,1399,Financiamento Veicular,50706.46,60,1530.21,46751.36,0,Em dia,2025-12-29
101574,1400,Financiamento Veicular,24825.47,36,1005.53,19446.61,0,Em dia,2025-08-17
101575,1400,Crédito Pessoal,17652.17,24,1342.2,16504.78,0,Em dia,2026-04-04
101576,1401,Crédito Pessoal,21330.94,30,1467.68,0.0,0,Quitado,2024-03-22
101577,1402,Crédito Pessoal,14136.01,18,1256.97,0.0,0,Quitado,2024-12-18
101578,1403,Crédito Pessoal,9222.64,36,593.63,7224.4,0,Em dia,2025-08-12
101579,1404,Refinanciamento,35254.68,36,1737.5,19977.65,14,Atrasado,2024-10-26
101580,1405,Refinanciamento,27221.49,48,1178.87,16162.76,0,Em dia,2024-05-02
101581,1406,Consignado,14483.63,24,809.82,5069.27,0,Em dia,2024-10-22
101582,1407,Financiamento Veicular,37435.95,36,1516.31,16347.03,20,Atrasado,2024-04-18
101583,1408,Crédito Pessoal,23073.99,18,2051.74,12075.39,0,Em dia,2025-07-04
101584,1409,Crédito Pessoal,12464.27,18,1108.32,8143.32,0,Em dia,2025-10-13
101585,1410,Crédito Pessoal,11616.6,24,883.28,0.0,0,Quitado,2024-01-17
101586,1411,Refinanciamento,29998.59,36,1478.46,17649.17,0,Em dia,2024-11-06
101587,1412,Refinanciamento,33482.41,48,1450.0,22056.54,0,Em dia,2024-09-16
101588,1413,Financiamento Veicular,47025.05,60,1419.11,36021.19,0,Em dia,2024-12-04
101589,1414,Financiamento Veicular,86204.34,60,2601.45,54825.96,0,Em dia,2024-02-13
101590,1415,Consignado,18681.54,24,1044.54,17467.24,0,Em dia,2026-04-19
101591,1416,Crédito Pessoal,9394.72,18,835.38,8580.51,73,Inadimplente,2026-04-10
101592,1417,Financiamento Veicular,37549.37,60,1133.15,27786.54,0,Em dia,2024-10-29
101593,1418,Crédito Pessoal,12403.08,36,798.34,5953.48,0,Em dia,2024-06-25
101594,1419,consignado,21230.0,60,686.86,19850.05,0,Em dia,2026-01-30
101595,1420,Consignado,16900.13,36,717.44,11773.76,0,Em dia,2025-04-13
101596,1421,Financiamento Veicular,59574.39,36,2413.0,44085.05,0,Em dia,2025-06-25
101597,1422,Consignado,12115.44,60,391.98,12115.44,66,Inadimplente,2026-06-21
101598,1423,Crédito Pessoal,11983.83,24,911.2,5752.24,16,Atrasado,2025-02-24
101599,1424,Consignado,22024.54,36,934.98,19638.55,0,Em dia,2026-01-21
101600,1425,Crédito Pessoal,2288.16,24,173.98,2213.79,0,Em dia,2026-05-01
101601,1426,Crédito Pessoal,6439.8,18,572.63,2532.99,0,Em dia,2025-04-30
101602,1427,Consignado,15221.67,60,492.47,12055.56,0,Em dia,2025-02-04
101603,1428,Crédito Pessoal,6203.16,12,719.75,0.0,0,Quitado,2024-02-27
101604,1429,Crédito Pessoal,11014.29,30,757.84,7291.46,0,Em dia,2025-05-19
101605,1430,Crédito Pessoal,7588.96,12,880.54,0.0,0,Quitado,2024-12-01
101606,1431,Crédito Pessoal,11130.86,24,846.34,3534.05,0,Em dia,2024-09-27
101607,1432,Refinanciamento,16939.76,24,1054.89,10883.79,115,Inadimplente,2025-07-15
101608,1432,Consignado,25944.26,36,1101.37,20885.13,90,Inadimplente,2025-09-25
101609,1433,Financiamento Veicular,67831.52,60,2047.0,46668.08,2,Atrasado,2024-06-10
101610,1434,Financiamento Veicular,38000.38,36,1539.17,19063.52,72,Inadimplente,2024-07-11
101611,1435,Refinanciamento,19970.04,24,1243.59,15426.85,0,Em dia,2025-11-12
101612,1436,Crédito Pessoal,6879.95,12,798.27,1960.78,0,Em dia,2025-07-11
101613,1437,Crédito Pessoal,4642.01,36,298.79,4139.13,0,Em dia,2026-01-10
101614,1438,Crédito Pessoal,6556.36,18,582.99,5988.15,0,Em dia,2026-04-01
101615,1439,Financiamento Veicular,28794.43,36,1166.29,22555.64,0,Em dia,2025-08-28
101616,1440,Financiamento Veicular,48481.44,60,1463.06,30203.94,142,Inadimplente,2024-01-25
101617,1441,Consignado,21358.81,36,906.72,20896.04,0,Em dia,2026-05-08
101618,1442,Crédito Pessoal,6784.15,30,466.79,5373.05,0,Em dia,2025-10-27
101619,1443,Refinanciamento,29367.68,24,1828.81,18868.73,0,Em dia,2025-07-14
101620,1444,Crédito Pessoal,22291.33,24,1694.94,20117.92,0,Em dia,2026-03-28
101621,1445,Financiamento Veicular,52804.3,36,2138.79,21913.79,0,Em dia,2024-03-28
101622,1446,Crédito Pessoal,6134.77,18,545.5,4539.73,0,Em dia,2025-12-22
101623,1447,Crédito Pessoal,12474.43,36,802.93,6258.01,0,Em dia,2024-07-06
101624,1448,Financiamento Veicular,28352.7,60,855.62,24666.85,0,Em dia,2025-08-19
101625,1449,Consignado,12473.03,36,529.5,6257.3,0,Em dia,2024-07-13
101626,1450,Financiamento Veicular,31454.57,60,949.23,22867.47,0,Em dia,2024-09-17
101627,1451,Crédito Pessoal,10659.42,12,1236.8,0.0,0,Quitado,2024-11-01
101628,1452,Consignado,16148.75,24,902.92,5652.06,0,Em dia,2024-10-15
101629,1452,Financiamento Veicular,20934.97,36,847.95,15491.88,0,Em dia,2025-06-05
101630,1453,Financiamento Veicular,37833.33,60,1141.72,28980.33,0,Em dia,2024-12-16
101631,1454,Financiamento Veicular,41192.83,36,1668.47,35837.76,0,Em dia,2025-12-25
101632,1455,Crédito Pessoal,5764.03,12,668.8,0.0,0,Quitado,2024-03-21
101633,1456,Crédito Pessoal,15356.3,18,1365.48,0.0,0,Quitado,2024-04-27
101634,1456,Consignado,9173.37,48,330.3,7384.56,0,Em dia,2025-06-21
101635,1457,Crédito Pessoal,6012.54,12,697.63,0.0,0,Quitado,2024-04-04
101636,1458,Financiamento Veicular,65911.32,36,2669.67,53058.62,131,Inadimplente,2025-09-09
101637,1459,Crédito Pessoal,13534.53,30,931.25,4385.19,0,Em dia,2024-04-24
101638,1460,Crédito Pessoal,9494.28,12,1101.61,3940.13,0,Em dia,2025-09-10
101639,1461,Consignado,20290.24,24,1134.48,13036.48,0,Em dia,2025-07-31
101640,1462,Crédito Pessoal,8514.58,36,548.05,6669.75,0,Em dia,2025-08-12
101641,1463,Crédito Pessoal,11804.15,18,1049.62,0.0,0,Quitado,2024-09-06
101642,1464,Crédito Pessoal,10789.0,18,959.36,0.0,0,Quitado,2024-11-12
101643,1464,Financiamento Veicular,43266.81,36,1752.48,43266.81,105,Inadimplente,2026-06-17
101644,1465,Consignado,24457.01,24,1367.46,17303.34,0,Em dia,2025-09-11
101645,1466,Financiamento Veicular,41952.31,60,1266.03,31590.09,3,Atrasado,2024-11-30
101646,1466,Crédito Pessoal,20586.15,30,1416.44,15768.99,0,Em dia,2025-09-12
101647,1467,Crédito Pessoal,4247.37,18,377.68,0.0,0,Quitado,2024-09-16
101648,1468,Financiamento Veicular,41326.82,48,1402.75,31253.41,0,Em dia,2025-03-04
101649,1469,Consignado,20372.47,36,864.84,14634.22,0,Em dia,2025-05-04
101650,1470,Refinanciamento,11665.5,48,505.19,11665.5,0,Em dia,2026-06-05
101651,1471,Crédito Pessoal,34461.09,12,3998.49,0.0,0,Quitado,2025-02-14
101652,1472,Consignado,11691.79,36,496.33,11691.79,0,Em dia,2026-06-12
101653,1473,Refinanciamento,13458.11,48,582.82,13239.42,0,Em dia,2026-05-09
101654,1474,Consignado,12000.02,60,388.24,10596.02,37,Inadimplente,2025-09-30
101655,1475,Consignado,21747.23,24,1215.95,0.0,0,Quitado,2024-04-02
101656,1476,Crédito Pessoal,11758.04,18,1045.52,11248.52,138,Inadimplente,2026-05-23
101657,1477,Consignado,35263.9,36,1497.01,29151.49,0,Em dia,2025-10-14
101658,1478,Financiamento Veicular,82461.29,36,3340.01,59234.7,0,Em dia,2025-05-13
101659,1479,Crédito Pessoal,11458.09,30,788.38,6095.7,0,Em dia,2024-12-09
101660,1480,Crédito Pessoal,20145.62,18,1791.35,17526.69,0,Em dia,2026-03-24
101661,1481,Refinanciamento,9073.96,36,447.2,4748.71,0,Em dia,2024-08-18
101662,1482,Consignado,8428.94,60,272.7,7223.6,0,Em dia,2025-07-23
101663,1482,Financiamento Veicular,37384.87,60,1128.19,33010.84,0,Em dia,2025-09-15
101664,1483,Crédito Pessoal,3855.69,30,265.29,2151.48,9,Atrasado,2025-01-10
101665,1483,Financiamento Veicular,26898.26,48,913.0,19030.52,0,Em dia,2024-12-10
101666,1484,Crédito Pessoal,9274.47,24,705.19,0.0,0,Quitado,2024-04-14
101667,1485,Financiamento Veicular,31751.19,36,1286.05,30375.3,0,Em dia,2026-04-05
101668,1486,Crédito Pessoal,9339.47,30,642.61,4240.12,0,Em dia,2024-09-05
101669,1487,Crédito Pessoal,8188.51,18,728.12,0.0,0,Quitado,2024-03-08
101670,1488,Financiamento Veicular,34007.39,36,1377.44,16323.55,0,Em dia,2024-06-04
101671,1489,Crédito Pessoal,8198.42,30,564.1,6279.99,0,Em dia,2025-09-01
101672,1490,Crédito Pessoal,8904.26,12,1033.15,0.0,0,Quitado,2024-02-21
101673,1491,Consignado,59723.05,36,2535.34,40313.06,93,Inadimplente,2025-03-17
101674,1491,Refinanciamento,24087.2,48,1043.13,20564.44,0,Em dia,2025-09-01
101675,1492,Crédito Pessoal,2734.09,24,207.89,1134.65,0,Em dia,2024-12-15
101676,1493,Financiamento Veicular,26165.75,60,789.62,23104.36,42,Inadimplente,2025-09-13
101677,1494,Crédito Pessoal,7210.76,24,548.28,3929.86,75,Inadimplente,2025-04-07
101678,1495,Crédito Pessoal,3774.01,24,286.96,2670.11,0,Em dia,2025-09-25
101679,1496,Crédito Pessoal,10428.27,30,717.52,4463.3,0,Em dia,2024-08-23
101680,1497,Crédito Pessoal,12585.59,18,1119.11,0.0,0,Quitado,2024-07-25
101681,1498,Financiamento Veicular,73834.15,48,2506.13,57036.88,0,Em dia,2025-04-16
101682,1499,Financiamento Veicular,37671.05,36,1525.83,27060.37,0,Em dia,2025-05-16
101683,1500,Crédito Pessoal,17364.62,36,1117.7,8335.02,2,Atrasado,2024-06-03
101684,1501,Consignado,15286.45,24,854.71,7337.5,0,Em dia,2025-02-10
101685,1502,Refinanciamento,18152.08,24,1130.38,11662.71,17,Atrasado,2025-07-21
101686,1503,Consignado,22667.11,60,733.36,20015.06,0,Em dia,2025-09-15
101687,1504,Consignado,9316.51,36,395.5,9114.66,0,Em dia,2026-05-10
101688,1505,Financiamento Veicular,52120.85,48,1769.12,30099.79,39,Inadimplente,2024-04-29
101689,1506,Financiamento Veicular,29538.4,60,891.4,28002.4,38,Inadimplente,2026-02-12
101690,1507,Crédito Pessoal,5937.02,36,382.14,5293.84,0,Em dia,2026-01-14
101691,1508,Consignado,10654.31,48,383.62,7711.06,0,Em dia,2025-01-25
101692,1509,Crédito Pessoal,6430.75,30,442.47,3588.36,0,Em dia,2025-01-25
101693,1509,Crédito Pessoal,8649.87,30,595.16,6625.8,8,Atrasado,2025-09-23
101694,1510,Financiamento Veicular,50428.04,48,1711.67,26663.83,0,Em dia,2024-01-28
101695,1511,Crédito Pessoal,9950.27,18,884.78,5638.49,0,Em dia,2025-08-24
101696,1512,Financiamento Veicular,26005.17,60,784.78,17553.49,0,Em dia,2024-05-31
101697,1512,Crédito Pessoal,4902.44,36,315.55,2884.27,0,Em dia,2024-11-26
101698,1513,Consignado,20067.41,24,1122.03,10284.55,0,Em dia,2025-03-03
101699,1514,Refinanciamento,9619.08,36,474.07,7951.77,21,Atrasado,2025-10-20
101700,1515,Consignado,21954.45,36,932.0,15294.94,0,Em dia,2025-04-01
101701,1516,Crédito Pessoal,11602.62,30,798.32,9792.61,0,Em dia,2025-12-09
101702,1517,Crédito Pessoal,4596.95,36,295.89,2604.94,32,Inadimplente,2024-10-16
101703,1518,Refinanciamento,14461.32,36,712.71,6628.1,0,Em dia,2024-05-12
101704,1519,Financiamento Veicular,97739.21,60,2949.55,88844.94,0,Em dia,2025-11-21
101705,1520,Crédito Pessoal,5091.2,30,350.3,2576.15,8,Atrasado,2024-11-13
101706,1521,Financiamento Veicular,51162.72,60,1543.97,33204.61,0,Em dia,2024-03-13
101707,1522,Consignado,26297.29,24,1470.36,26297.29,0,Em dia,2026-06-25
101708,1523,Refinanciamento,22165.02,24,1380.28,19283.57,0,Em dia,2026-02-19
101709,1524,Crédito Pessoal,5753.0,24,437.43,5192.09,0,Em dia,2026-03-24
101710,1525,Crédito Pessoal,16822.65,36,1082.81,9532.83,0,Em dia,2024-10-29
101711,1526,Refinanciamento,30402.43,36,1498.36,28426.27,0,Em dia,2026-03-21
101712,1527,Consignado,42041.76,48,1513.76,40675.4,0,Em dia,2026-04-06
101713,1528,Financiamento Veicular,61267.42,48,2079.58,40359.91,0,Em dia,2024-09-26
101714,1529,Financiamento Veicular,77072.86,60,2325.88,75068.96,0,Em dia,2026-04-29
101715,1530,Consignado,7137.02,60,230.91,5003.05,0,Em dia,2024-07-03
101716,1531,Crédito Pessoal,13344.45,12,1548.35,0.0,0,Quitado,2024-11-10
101717,1532,Financiamento Veicular,54566.4,36,2210.16,46290.49,0,Em dia,2025-11-20
101718,1533,Crédito Pessoal,10030.13,36,645.6,9160.85,0,Em dia,2026-02-18
101719,1534,Consignado,13450.57,48,484.3,10609.14,0,Em dia,2025-05-01
101720,1535,Consignado,20781.54,36,882.21,13127.01,0,Em dia,2025-01-19
101721,1536,Financiamento Veicular,59010.96,60,1780.82,56709.53,0,Em dia,2026-03-07
101722,1536,Financiamento Veicular,23622.9,60,712.89,20551.92,0,Em dia,2025-08-07
101723,1537,Crédito Pessoal,8580.02,36,552.26,4490.21,0,Em dia,2024-08-07
101724,1538,Financiamento Veicular,26896.77,48,912.95,22963.12,0,Em dia,2025-09-25
101725,1539,Financiamento Veicular,66627.08,36,2698.66,53634.8,0,Em dia,2025-09-13
101726,1540,Consignado,14067.72,60,455.14,11324.51,0,Em dia,2025-03-15
101727,1541,Refinanciamento,20551.82,24,1279.82,6525.2,0,Em dia,2024-09-01
101728,1542,Consignado,12585.75,48,453.16,8699.9,0,Em dia,2024-11-03
101729,1543,Financiamento Veicular,30251.15,60,912.91,27105.03,0,Em dia,2025-10-20
101730,1544,Crédito Pessoal,20063.8,12,2327.99,0.0,0,Quitado,2025-06-21
101731,1545,Financiamento Veicular,82856.36,60,2500.42,64545.1,0,Em dia,2025-01-30
101732,1546,Refinanciamento,28535.64,24,1776.99,12769.7,30,Atrasado,2025-01-06
101733,1547,Crédito Pessoal,9773.96,12,1134.07,0.0,0,Quitado,2024-07-06
101734,1548,Consignado,20810.5,48,749.3,19457.82,0,Em dia,2026-02-21
101735,1549,Financiamento Veicular,24879.55,48,844.48,14772.23,0,Em dia,2024-05-07
101736,1550,Consignado,13862.9,36,588.5,5152.38,0,Em dia,2024-01-04
101737,1551,Crédito Pessoal,12664.21,12,1469.42,0.0,0,Quitado,2024-11-28
101738,1552,Refinanciamento,13423.9,48,581.34,8406.72,0,Em dia,2024-07-13
101739,1553,Financiamento Veicular,40024.94,60,1207.86,36902.99,0,Em dia,2025-12-14
101740,1553,Consignado,8123.56,60,262.82,5060.98,0,Em dia,2024-01-09
101741,1554,Crédito Pessoal,11961.25,18,1063.59,3668.12,140,Inadimplente,2025-02-22
101742,1555,Refinanciamento,18634.53,24,1160.43,10761.44,9,Atrasado,2025-05-06
101743,1556,Financiamento Veicular,53129.4,48,1803.36,35862.34,0,Em dia,2024-10-01
101744,1556,Financiamento Veicular,50716.26,48,1721.45,34233.48,101,Inadimplente,2024-10-22
101745,1557,Financiamento Veicular,50593.05,36,2049.22,0.0,0,Quitado,2024-10-25
101746,1558,Crédito Pessoal,11620.54,12,1348.32,0.0,0,Quitado,2024-11-23
101747,1559,Refinanciamento,23320.03,48,1009.91,13467.32,0,Em dia,2024-04-10
101748,1559,Crédito Pessoal,15970.07,12,1852.99,15970.07,0,Em dia,2026-06-09
101749,1560,Financiamento Veicular,32296.94,60,974.65,26418.89,0,Em dia,2025-04-09
101750,1561,Consignado,14852.96,60,480.54,14659.87,0,Em dia,2026-05-06
101751,1562,Consignado,15148.83,48,545.45,10717.8,0,Em dia,2024-12-18
101752,1563,Crédito Pessoal,8714.54,18,774.9,5693.5,0,Em dia,2025-10-26
101753,1564,Financiamento Veicular,46469.59,36,1882.2,37408.02,51,Inadimplente,2025-09-29
101754,1565,Financiamento Veicular,25829.37,48,876.72,16595.37,0,Em dia,2024-08-24
101755,1566,Financiamento Veicular,55847.43,48,1895.61,41327.1,0,Em dia,2025-02-07
101756,1567,Consignado,6030.77,60,195.12,3992.37,0,Em dia,2024-04-03
101757,1568,Financiamento Veicular,25164.97,60,759.42,20912.09,0,Em dia,2025-05-14
101758,1569,Crédito Pessoal,3797.44,30,261.28,3402.51,0,Em dia,2026-02-01
101759,1570,Financiamento Veicular,34365.73,60,1037.08,24983.88,0,Em dia,2024-09-12
101760,1571,Consignado,15145.73,24,846.84,0.0,0,Quitado,2024-04-30
101761,1571,Refinanciamento,19409.03,36,956.56,17726.92,0,Em dia,2026-02-08
101762,1572,Financiamento Veicular,25345.77,48,860.3,15872.79,0,Em dia,2024-07-29
101763,1573,Financiamento Veicular,75632.56,60,2282.42,50068.76,17,Atrasado,2024-04-14
101764,1574,Financiamento Veicular,40533.69,36,1641.78,21212.63,0,Em dia,2024-08-23
101765,1574,Crédito Pessoal,8767.45,12,1017.28,2498.72,88,Inadimplente,2025-07-23
101766,1575,Refinanciamento,15019.38,24,935.3,0.0,0,Quitado,2024-03-18
101767,1576,Consignado,29290.09,36,1243.41,26751.61,36,Inadimplente,2026-02-13
101768,1577,Crédito Pessoal,5446.8,24,414.15,2968.51,0,Em dia,2025-04-20
101769,1578,Crédito Pessoal,20968.94,12,2433.01,0.0,0,Quitado,2024-01-05
101770,1579,Crédito Pessoal,17074.58,30,1174.82,16186.71,0,Em dia,2026-04-06
101771,1580,Crédito Pessoal,10333.98,12,1199.04,0.0,0,Quitado,2024-03-27
101772,1581,Financiamento Veicular,42517.52,36,1722.13,34226.61,0,Em dia,2025-09-06
101773,1582,Financiamento Veicular,27293.65,48,926.42,14875.04,0,Em dia,2024-02-03
101774,1583,Crédito Pessoal,6894.23,12,799.93,0.0,0,Quitado,2024-09-18
101775,1584,Refinanciamento,24265.11,36,1195.89,12698.74,0,Em dia,2024-08-02
101776,1585,Consignado,18985.86,24,1061.55,15900.66,0,Em dia,2026-01-31
101777,1586,Consignado,19408.58,48,698.83,16570.07,0,Em dia,2025-09-02
101778,1587,Financiamento Veicular,28175.98,60,850.29,17919.92,0,Em dia,2024-02-25
101779,1587,Consignado,11767.83,48,423.71,9664.33,0,Em dia,2025-07-25
101780,1588,Consignado,8539.46,24,477.47,7151.79,0,Em dia,2026-01-15
101781,1589,Crédito Pessoal,10248.81,18,911.32,0.0,0,Quitado,2024-07-17
101782,1590,Crédito Pessoal,6060.99,12,703.25,0.0,0,Quitado,2024-11-18
101783,1591,Refinanciamento,17126.3,48,741.68,17126.3,14,Atrasado,2026-06-02
101784,1592,Consignado,16821.91,48,605.69,14361.7,52,Inadimplente,2025-09-09
101785,1593,Crédito Pessoal,9510.67,18,845.69,6213.64,0,Em dia,2025-10-02
101786,1594,Financiamento Veicular,23266.36,36,942.38,13688.37,0,Em dia,2024-11-18
101787,1595,Refinanciamento,17779.87,36,876.27,11616.18,0,Em dia,2025-02-21
101788,1596,Crédito Pessoal,9250.48,30,636.48,6845.36,0,Em dia,2025-08-05
101789,1597,Consignado,18936.39,24,1058.79,0.0,0,Quitado,2024-08-13
101790,1598,Refinanciamento,38682.65,24,2408.88,0.0,0,Quitado,2025-01-31
101791,1599,Crédito Pessoal,4806.12,36,309.35,3660.66,0,Em dia,2025-07-02
101792,1600,Refinanciamento,16733.66,48,724.68,15645.97,22,Atrasado,2026-02-18
101793,1601,Financiamento Veicular,55581.25,48,1886.58,50162.08,0,Em dia,2025-12-04
101794,1602,Financiamento Veicular,41437.46,60,1250.49,40898.78,0,Em dia,2026-05-15
101795,1603,Refinanciamento,22730.12,48,984.36,19775.21,0,Em dia,2025-10-29
101796,1604,Crédito Pessoal,18303.52,18,1627.55,12751.45,16,Atrasado,2025-11-03
101797,1605,Crédito Pessoal,4865.33,12,564.52,0.0,0,Quitado,2024-08-06
101798,1606,Crédito Pessoal,8761.96,36,563.98,7243.22,0,Em dia,2025-10-20
101799,1607,Crédito Pessoal,16421.46,18,1460.2,10017.09,0,Em dia,2025-09-26
101800,1608,Crédito Pessoal,9979.59,24,758.81,4790.2,122,Inadimplente,2025-02-02
101801,1609,Refinanciamento,12399.87,24,772.18,0.0,0,Quitado,2024-04-18
101802,1610,Financiamento Veicular,30478.7,48,1034.53,23544.79,0,Em dia,2025-04-07
101803,1611,Crédito Pessoal,20809.87,24,1582.3,5254.49,39,Inadimplente,2024-07-20
101804,1612,Consignado,13844.55,36,587.72,13544.59,0,Em dia,2026-05-18
101805,1613,Consignado,16402.53,60,530.68,11071.71,0,Em dia,2024-05-13
101806,1614,Financiamento Veicular,22404.19,48,760.46,16579.1,0,Em dia,2025-02-20
101807,1615,Crédito Pessoal,15401.72,12,1787.05,0.0,0,Quitado,2025-01-12
101808,1616,Crédito Pessoal,9457.59,12,1097.36,0.0,0,Quitado,2024-07-04
101809,1617,Crédito Pessoal,7425.46,18,660.27,0.0,0,Quitado,2024-12-23
101810,1618,Financiamento Veicular,44254.22,48,1502.11,39939.43,60,Inadimplente,2025-12-08
101811,1619,Crédito Pessoal,12127.89,36,780.63,8186.33,0,Em dia,2025-03-12
101812,1620,Crédito Pessoal,12975.39,18,1153.77,10726.33,0,Em dia,2026-02-20
101813,1621,Financiamento Veicular,45460.12,36,1841.32,24775.76,0,Em dia,2024-09-07
101814,1622,Financiamento Veicular,33230.43,48,1127.93,29450.47,0,Em dia,2025-11-21
101815,1623,Refinanciamento,10591.59,48,458.68,7665.66,0,Em dia,2025-01-14
101816,1624,Refinanciamento,7472.95,24,465.36,1886.92,0,Em dia,2024-07-05
101817,1625,Crédito Pessoal,6037.45,24,459.06,0.0,0,Quitado,2024-01-14
101818,1626,Consignado,10381.69,60,335.88,9301.99,0,Em dia,2025-10-18
101819,1627,Crédito Pessoal,12019.38,24,913.9,0.0,0,Quitado,2024-01-22
101820,1628,Crédito Pessoal,7124.5,12,826.65,2956.67,0,Em dia,2025-09-02
101821,1629,Refinanciamento,15808.74,24,984.46,10670.9,0,Em dia,2025-08-02
101822,1630,Financiamento Veicular,11816.21,48,401.07,11240.17,0,Em dia,2026-03-02
101823,1631,Crédito Pessoal,9556.54,36,615.12,8107.13,109,Inadimplente,2025-11-17
101824,1632,Refinanciamento,9056.21,36,446.33,6112.94,0,Em dia,2025-03-29
101825,1633,Refinanciamento,22367.62,36,1102.37,13159.61,0,Em dia,2024-11-05
101826,1634,Crédito Pessoal,15677.56,12,1819.06,0.0,0,Quitado,2024-08-21
101827,1635,Crédito Pessoal,9872.95,12,1145.55,3455.53,0,Em dia,2025-08-11
101828,1636,Crédito Pessoal,16349.94,30,1124.96,6147.58,0,Em dia,2024-06-25
101829,1637,Crédito Pessoal,10409.27,36,670.01,9056.06,0,Em dia,2025-12-30
101830,1638,Consignado,16601.31,24,928.23,0.0,0,Quitado,2024-06-30
101831,1639,Crédito Pessoal,8512.06,30,585.68,5413.67,0,Em dia,2025-04-25
101832,1640,Financiamento Veicular,28499.56,36,1154.35,15532.26,48,Inadimplente,2024-09-29
101833,1641,Crédito Pessoal,11333.25,18,1007.75,11333.25,0,Em dia,2026-06-23
101834,1642,Crédito Pessoal,9262.43,36,596.19,7857.63,0,Em dia,2025-11-04
101835,1643,Financiamento Veicular,36621.56,60,1105.16,26623.87,0,Em dia,2024-09-01
101836,1644,Financiamento Veicular,24976.77,60,753.74,20430.99,0,Em dia,2025-04-22
101837,1645,Financiamento Veicular,41592.22,48,1411.75,37536.98,0,Em dia,2025-12-11
101838,1646,Consignado,8501.56,60,275.05,7838.44,0,Em dia,2025-12-30
101839,1647,Crédito Pessoal,14258.05,18,1267.82,0.0,0,Quitado,2024-09-19
101840,1648,Consignado,15208.05,24,850.32,0.0,0,Quitado,2024-08-20
101841,1649,Refinanciamento,24345.96,48,1054.34,19598.49,112,Inadimplente,2025-06-01
101842,1650,Consignado,9419.18,24,526.65,9419.18,0,Em dia,2026-06-10
101843,1651,Consignado,9280.1,60,300.24,9159.46,0,Em dia,2026-05-17
101844,1652,Consignado,12370.25,24,691.66,0.0,0,Quitado,2024-01-14
101845,1653,Crédito Pessoal,26074.25,24,1982.58,0.0,0,Quitado,2024-01-04
101846,1653,Consignado,26972.24,48,971.16,15576.47,57,Inadimplente,2024-04-13
101847,1654,Crédito Pessoal,15969.55,30,1098.79,8911.01,0,Em dia,2025-01-19
101848,1655,Crédito Pessoal,25506.88,24,1939.44,7269.46,0,Em dia,2024-08-12
101849,1656,Consignado,19233.98,24,1075.43,17983.77,0,Em dia,2026-04-27
101850,1657,Crédito Pessoal,3532.51,24,268.6,0.0,0,Quitado,2024-09-25
101851,1657,Financiamento Veicular,22529.96,48,764.73,16672.17,0,Em dia,2025-02-04
101852,1658,Financiamento Veicular,33704.86,48,1144.04,23846.19,0,Em dia,2024-12-08
101853,1659,Financiamento Veicular,31818.29,60,960.2,28922.82,0,Em dia,2025-11-27
101854,1660,Refinanciamento,7648.73,36,376.96,5660.06,0,Em dia,2025-06-05
101855,1661,Consignado,6697.56,36,284.32,6407.33,0,Em dia,2026-04-24
101856,1662,Crédito Pessoal,15786.7,12,1831.72,0.0,0,Quitado,2024-11-07
101857,1663,Financiamento Veicular,59636.48,48,2024.23,47038.27,0,Em dia,2025-05-31
101858,1664,Financiamento Veicular,41290.61,48,1401.52,29213.11,0,Em dia,2024-12-02
101859,1665,Consignado,12739.34,48,458.69,6942.94,0,Em dia,2024-02-16
101860,1666,Consignado,8239.06,60,266.56,8024.84,0,Em dia,2026-04-02
101861,1667,Consignado,23584.32,48,849.18,15919.42,0,Em dia,2024-10-30
101862,1668,Crédito Pessoal,3896.94,12,452.16,0.0,0,Quitado,2025-03-31
101863,1669,Consignado,14096.09,24,788.15,0.0,0,Quitado,2024-04-15
101864,1670,Financiamento Veicular,61366.23,48,2082.94,42419.4,127,Inadimplente,2024-11-25
101865,1671,Consignado,27392.87,36,1162.87,18490.18,0,Em dia,2025-03-17
101866,1672,Crédito Pessoal,12594.63,18,1119.91,12048.86,0,Em dia,2026-05-02
101867,1672,Crédito Pessoal,12648.46,30,870.28,11990.74,0,Em dia,2026-04-13
101868,1673,Crédito Pessoal,11309.38,30,778.15,8957.03,0,Em dia,2025-10-09
101869,1674,Crédito Pessoal,36854.67,12,4276.22,0.0,0,Quitado,2024-12-26
101870,1674,Financiamento Veicular,56152.17,60,1694.54,39362.67,120,Inadimplente,2024-07-10
101871,1675,Crédito Pessoal,14748.81,30,1014.8,8613.3,125,Inadimplente,2025-02-26
101872,1676,Financiamento Veicular,24630.13,48,836.01,17425.82,0,Em dia,2024-12-04
101873,1677,Refinanciamento,21340.74,24,1328.95,13017.85,0,Em dia,2025-06-20
101874,1678,Crédito Pessoal,8575.54,24,652.05,8575.54,0,Em dia,2026-06-12
101875,1679,Crédito Pessoal,12262.82,12,1422.85,7480.32,0,Em dia,2025-12-16
101876,1680,Crédito Pessoal,4063.26,12,471.46,2742.7,0,Em dia,2026-01-02
101877,1681,Financiamento Veicular,53190.39,36,2154.42,24378.93,0,Em dia,2024-05-28
101878,1682,Crédito Pessoal,7135.79,12,827.96,0.0,0,Quitado,2024-07-24
101879,1683,Financiamento Veicular,33690.93,36,1364.62,15441.67,0,Em dia,2024-05-17
101880,1684,Crédito Pessoal,12562.64,24,955.21,8071.49,110,Inadimplente,2025-07-14
101881,1685,Financiamento Veicular,46388.9,60,1399.91,33724.73,141,Inadimplente,2024-09-06
101882,1686,Crédito Pessoal,5678.68,24,431.78,0.0,0,Quitado,2025-01-20
101883,1687,Financiamento Veicular,32464.02,48,1101.92,26661.08,46,Inadimplente,2025-07-12
101884,1688,Financiamento Veicular,39527.44,48,1341.67,26038.7,0,Em dia,2024-09-13
101885,1689,Consignado,8185.93,36,347.51,4816.06,0,Em dia,2024-11-11
101886,1690,Consignado,8974.2,36,380.97,5279.82,0,Em dia,2024-11-25
101887,1691,Crédito Pessoal,20594.01,12,2389.51,11223.74,0,Em dia,2025-11-14
101888,1692,Refinanciamento,29377.2,24,1829.4,22693.89,0,Em dia,2025-11-30
101889,1693,Refinanciamento,16963.54,36,836.03,15493.37,0,Em dia,2026-02-08
101890,1694,Consignado,7485.3,24,418.52,5295.85,0,Em dia,2025-09-11
101891,1695,Crédito Pessoal,4750.86,30,326.88,4256.77,0,Em dia,2026-02-17
101892,1696,Refinanciamento,17280.67,36,851.66,12787.69,0,Em dia,2025-06-18
101893,1697,Consignado,14442.83,60,467.27,11063.2,0,Em dia,2024-12-07
101894,1698,Consignado,3066.11,60,99.2,2149.34,0,Em dia,2024-07-16
101895,1699,Crédito Pessoal,7438.19,30,511.79,5117.48,0,Em dia,2025-06-21
101896,1700,Consignado,11504.34,24,643.24,9634.88,0,Em dia,2026-01-19
101897,1700,Refinanciamento,17339.58,24,1079.78,8323.0,0,Em dia,2025-02-21
101898,1701,Crédito Pessoal,8572.98,36,551.81,3186.29,0,Em dia,2024-01-25
101899,1702,Consignado,13392.61,36,568.54,9040.01,0,Em dia,2025-03-06
101900,1703,Consignado,17183.07,24,960.75,14390.82,0,Em dia,2026-01-13
101901,1704,Financiamento Veicular,33389.86,48,1133.34,29591.77,0,Em dia,2025-11-03
101902,1705,Financiamento Veicular,43357.37,36,1756.15,16114.49,0,Em dia,2024-01-24
101903,1706,Crédito Pessoal,12750.04,36,820.67,6396.27,33,Inadimplente,2024-07-06
101904,1707,Financiamento Veicular,34868.03,48,1183.52,25802.34,0,Em dia,2025-02-16
101905,1708,Financiamento Veicular,35781.46,36,1449.29,16399.84,0,Em dia,2024-05-29
101906,1709,Financiamento Veicular,37544.61,36,1520.71,0.0,0,Quitado,2024-05-22
101907,1710,Consignado,13818.57,60,447.08,9866.46,0,Em dia,2024-08-07
101908,1711,Crédito Pessoal,8131.78,36,523.41,6898.46,0,Em dia,2025-11-27
101909,1712,Crédito Pessoal,9259.44,12,1074.37,0.0,0,Quitado,2024-08-23
101910,1713,Crédito Pessoal,6526.35,18,580.32,0.0,0,Quitado,2024-07-03
101911,1714,Crédito Pessoal,9575.92,12,1111.09,0.0,0,Quitado,2025-03-17
101912,1715,Financiamento Veicular,59357.12,48,2014.74,43924.27,1,Atrasado,2025-02-13
101913,1716,Crédito Pessoal,16549.59,24,1258.36,8481.67,0,Em dia,2025-03-13
101914,1716,Crédito Pessoal,8410.94,30,578.72,7973.57,0,Em dia,2026-04-02
101915,1717,Refinanciamento,10502.89,24,654.04,0.0,0,Quitado,2024-07-16
101916,1718,Consignado,12167.33,48,438.1,7817.51,0,Em dia,2024-08-20
101917,1719,Crédito Pessoal,20085.09,18,1785.96,13122.26,56,Inadimplente,2025-10-15
101918,1720,Consignado,8968.78,60,290.17,5704.15,0,Em dia,2024-02-29
101919,1721,Crédito Pessoal,4301.5,36,276.87,1691.92,0,Em dia,2024-02-13
101920,1722,Financiamento Veicular,34843.12,48,1182.67,30313.51,0,Em dia,2025-10-23
101921,1723,Crédito Pessoal,10442.13,18,928.51,9989.64,0,Em dia,2026-05-14
101922,1724,Refinanciamento,13836.5,48,599.21,11363.23,0,Em dia,2025-07-15
101923,1724,Consignado,5541.44,24,309.84,0.0,0,Quitado,2024-06-22
101924,1725,Crédito Pessoal,17856.97,12,2071.93,16696.27,0,Em dia,2026-05-03
101925,1726,Crédito Pessoal,4920.58,24,374.14,1562.28,129,Inadimplente,2024-09-30
101926,1727,Crédito Pessoal,8815.62,30,606.56,4002.29,0,Em dia,2024-09-22
101927,1728,Consignado,9123.23,48,328.49,6899.44,0,Em dia,2025-03-06
101928,1728,Financiamento Veicular,29040.06,60,876.36,19224.52,0,Em dia,2024-04-17
101929,1729,Consignado,10583.67,60,342.42,6868.8,0,Em dia,2024-03-19
101930,1730,Consignado,25332.92,24,1416.43,9689.84,53,Inadimplente,2024-11-08
101931,1731,Crédito Pessoal,5110.9,30,351.66,4978.02,0,Em dia,2026-05-19
101932,1731,Consignado,27393.98,48,986.35,27393.98,0,Em dia,2026-06-25
101933,1732,Crédito Pessoal,9717.01,36,625.45,7822.19,0,Em dia,2025-09-09
101934,1733,Consignado,13956.07,36,592.46,11234.63,0,Em dia,2025-09-09
101935,1734,Refinanciamento,12139.26,48,525.71,8588.52,115,Inadimplente,2024-12-23
101936,1735,Crédito Pessoal,37785.84,18,3359.91,0.0,0,quitado,2025-05-31
101937,1736,Financiamento Veicular,32379.63,60,977.14,24802.8,0,Em dia,2024-12-01
101938,1737,Crédito Pessoal,4512.61,30,310.49,1227.43,0,Em dia,2024-02-27
101939,1738,Crédito Pessoal,10819.09,18,962.03,9412.61,129,Inadimplente,2026-03-17
101940,1739,Consignado,36356.83,60,1176.27,36356.83,0,Em dia,2026-06-22
101941,1740,Crédito Pessoal,20480.27,30,1409.15,9298.04,117,Inadimplente,2024-09-18
101942,1741,Financiamento Veicular,29932.61,48,1015.99,26041.37,0,Em dia,2025-10-15
101943,1742,Consignado,9273.95,24,518.53,0.0,0,Quitado,2024-04-25
101944,1743,Financiamento Veicular,46538.25,36,1884.99,40488.28,0,Em dia,2025-12-29
101945,1744,Crédito Pessoal,20226.76,30,1391.71,6553.47,138,Inadimplente,2024-04-03
101946,1745,Consignado,20603.76,48,741.86,14577.16,0,Em dia,2024-12-25
101947,1746,Crédito Pessoal,13606.98,36,875.83,7120.98,0,Em dia,2024-08-06
101948,1746,Financiamento Veicular,27163.86,48,922.02,20542.67,0,Em dia,2025-03-19
101949,1747,Consignado,27103.75,48,975.9,17854.59,0,Em dia,2024-09-24
101950,1748,Consignado,10477.27,48,377.24,5539.86,0,Em dia,2024-01-02
101951,1748,Consignado,15122.83,48,544.51,7996.2,0,Em dia,2024-01-21
101952,1749,Crédito Pessoal,8979.87,24,682.79,8396.18,0,Em dia,2026-04-19
101953,1750,Crédito Pessoal,6422.9,12,745.24,0.0,0,Quitado,2024-09-26
101954,1751,Crédito Pessoal,6386.39,18,567.88,6386.39,0,Em dia,2026-06-17
101955,1752,Consignado,21514.79,24,1202.95,5432.48,46,Inadimplente,2024-07-06
101956,1753,Crédito Pessoal,4617.4,30,317.7,1976.25,0,Em dia,2024-08-09
101957,1754,Crédito Pessoal,3964.45,30,272.78,2212.16,0,Em dia,2025-01-11
101958,1755,Crédito Pessoal,15682.6,18,1394.5,0.0,0,Quitado,2024-11-21
101959,1756,Refinanciamento,16106.97,36,793.82,9825.25,0,Em dia,2024-12-06
101960,1757,Crédito Pessoal,5149.6,36,331.46,2694.96,0,Em dia,2024-08-05
101961,1758,Consignado,7228.07,36,306.84,5661.99,0,Em dia,2025-08-01
101962,1759,Crédito Pessoal,3605.13,30,248.05,2949.0,44,Inadimplente,2025-11-22
101963,1760,Crédito Pessoal,15157.41,12,1758.7,0.0,0,Quitado,2024-03-14
101964,1761,Crédito Pessoal,5777.53,24,439.3,0.0,0,Quitado,2024-03-06
101965,1762,Refinanciamento,39039.33,48,1690.66,32061.05,122,Inadimplente,2025-07-16
101966,1763,Consignado,5384.44,48,193.87,3109.51,0,Em dia,2024-04-07
101967,1764,Crédito Pessoal,18870.28,12,2189.5,5378.03,0,Em dia,2025-07-12
101968,1764,Crédito Pessoal,3980.52,36,256.21,2773.09,100,Inadimplente,2025-04-07
101969,1765,Crédito Pessoal,11527.63,36,741.99,10778.33,0,Em dia,2026-03-05
101970,1766,Crédito Pessoal,12830.21,12,1488.68,6992.46,39,Inadimplente,2025-11-11
101971,1767,Crédito Pessoal,21934.01,30,1509.18,11098.61,0,Em dia,2024-11-07
101972,1768,Refinanciamento,7209.19,36,355.3,6584.4,0,Em dia,2026-02-07
101973,1769,Crédito Pessoal,12483.9,36,803.54,5721.79,39,Inadimplente,2024-05-28
101974,1769,Crédito Pessoal,9690.21,36,623.72,6330.94,32,Inadimplente,2025-02-27
101975,1770,Financiamento Veicular,19051.92,60,574.94,12117.02,0,Em dia,2024-02-29
101976,1771,Crédito Pessoal,10963.93,12,1272.14,0.0,0,Quitado,2025-02-27
101977,1772,Financiamento Veicular,27655.15,48,938.69,20914.21,39,Inadimplente,2025-03-20
101978,1773,Refinanciamento,22531.97,48,975.78,12646.07,0,Em dia,2024-03-13
101979,1774,Consignado,36431.26,36,1546.56,36431.26,0,Em dia,2026-06-23
101980,1775,Financiamento Veicular,72248.46,60,2180.29,54403.09,0,Em dia,2024-11-07
101981,1776,Crédito Pessoal,2211.47,18,196.64,0.0,0,Quitado,2024-09-19
101982,1777,Crédito Pessoal,15058.69,18,1339.02,12448.51,121,Inadimplente,2026-02-22
101983,1778,Consignado,13731.96,24,767.79,9269.07,0,Em dia,2025-08-26
101984,1778,Crédito Pessoal,5716.36,36,367.94,4477.82,0,Em dia,2025-08-01
101985,1779,Crédito Pessoal,4896.83,18,435.43,2350.48,0,Em dia,2025-06-22
101986,1780,Crédito Pessoal,24096.59,24,1832.2,6867.53,0,Em dia,2024-08-17
101987,1781,Refinanciamento,24603.7,36,1212.57,0.0,0,quitado,2024-06-19
101988,1782,Financiamento Veicular,23321.15,36,944.6,15236.48,0,Em dia,2025-02-16
101989,1783,Crédito Pessoal,7927.35,18,704.9,3805.13,0,Em dia,2025-06-27
101990,1784,Consignado,21206.45,24,1185.71,5354.63,0,Em dia,2024-07-02
101991,1785,Crédito Pessoal,5534.93,12,642.21,0.0,0,Quitado,2024-06-12
101992,1786,Crédito Pessoal,9311.72,30,640.7,7859.09,21,Atrasado,2025-12-09
101993,1787,Financiamento Veicular,28706.43,36,1162.73,16888.95,0,Em dia,2024-11-15
101994,1788,Crédito Pessoal,8514.99,30,585.88,5858.31,0,Em dia,2025-06-06
101995,1789,Refinanciamento,24503.4,36,1207.63,11230.72,0,Em dia,2024-05-06
101996,1790,Crédito Pessoal,17836.75,18,1586.04,0.0,0,Quitado,2024-08-09
101997,1791,Crédito Pessoal,4738.81,24,360.32,2890.68,0,Em dia,2025-06-09
101998,1792,Financiamento Veicular,38532.17,48,1307.89,30392.25,0,Em dia,2025-05-21
101999,1793,Crédito Pessoal,10559.42,24,802.89,10559.42,8,Atrasado,2026-06-17
102000,1794,Consignado,8408.74,24,470.16,2123.21,0,Em dia,2024-07-03
102001,1795,Financiamento Veicular,50607.02,36,2049.79,26484.34,0,Em dia,2024-08-21
102002,1796,Consignado,17849.88,60,577.5,16689.63,0,Em dia,2026-01-29
102003,1797,Crédito Pessoal,5023.39,24,381.96,1431.66,0,Em dia,2024-08-14
102004,1798,Consignado,8916.04,36,378.5,8529.68,0,Em dia,2026-04-27
102005,1799,Refinanciamento,15700.83,24,977.73,14680.27,0,Em dia,2026-04-11
102006,1800,Crédito Pessoal,12487.64,36,803.78,5452.94,0,Em dia,2024-04-01
102007,1801,Consignado,23731.1,48,854.46,16404.12,0,Em dia,2024-11-01
102008,1802,Consignado,19513.44,24,1091.05,16976.7,0,Em dia,2026-02-23
102009,1803,Consignado,15535.66,60,502.63,13516.02,0,Em dia,2025-08-27
102010,1804,Financiamento Veicular,12680.86,60,382.68,12351.16,0,Em dia,2026-04-17
102011,1805,Crédito Pessoal,4537.97,18,403.52,0.0,0,Quitado,2024-01-02
102012,1806,Crédito Pessoal,8251.84,12,957.45,6642.73,80,Inadimplente,2026-03-10
102013,1807,Consignado,8137.68,24,455.0,2848.19,0,Em dia,2024-10-10
102014,1807,Financiamento Veicular,38737.68,48,1314.86,33072.29,0,Em dia,2025-09-02
102015,1808,Consignado,10507.54,60,339.95,8048.78,0,Em dia,2024-12-29
102016,1809,Crédito Pessoal,9461.07,30,650.97,3557.36,0,Em dia,2024-06-05
102017,1809,Refinanciamento,16275.78,48,704.85,15746.82,0,Em dia,2026-04-01
102018,1810,Financiamento Veicular,12938.4,48,439.16,11046.16,0,Em dia,2025-09-03
102019,1811,Consignado,21892.34,48,788.26,19757.84,0,Em dia,2025-12-08
102020,1812,Financiamento Veicular,41781.68,48,1418.18,30918.44,0,Em dia,2025-02-12
102021,1813,Financiamento Veicular,32327.82,48,1097.29,32327.82,0,Em dia,2026-06-18
102022,1814,Consignado,10092.04,24,564.27,5828.15,0,Em dia,2025-05-02
102023,1815,Crédito Pessoal,7475.47,12,867.37,6017.75,0,Em dia,2026-03-12
102024,1816,Consignado,14558.35,48,524.19,14085.21,0,Em dia,2026-04-06
102025,1817,Consignado,18395.45,60,595.16,15764.9,0,Em dia,2025-07-06
102026,1818,Refinanciamento,30143.5,36,1485.6,21653.08,0,Em dia,2025-05-11
102027,1819,Crédito Pessoal,5566.33,30,382.99,2671.84,52,Inadimplente,2024-10-28
102028,1820,Consignado,11888.97,60,384.65,9879.73,0,Em dia,2025-05-03
102029,1821,Crédito Pessoal,7036.32,12,816.42,4749.52,0,Em dia,2026-01-06
102030,1822,Crédito Pessoal,10974.26,24,834.44,3484.33,0,Em dia,2024-09-08
102031,1823,Crédito Pessoal,11968.22,36,770.35,8078.55,54,Inadimplente,2025-03-22
102032,1824,Crédito Pessoal,13988.29,24,1063.61,6259.76,0,Em dia,2025-01-21
102033,1825,Financiamento Veicular,38128.42,36,1544.35,36476.19,0,Em dia,2026-04-03
102034,1825,Financiamento Veicular,56087.0,36,2271.75,41504.38,0,Em dia,2025-06-02
102035,1826,Consignado,15682.55,36,665.75,7187.84,0,Em dia,2024-05-21
102036,1827,Crédito Pessoal,14127.44,18,1256.21,3720.23,0,Em dia,2025-01-12
102037,1828,Financiamento Veicular,41993.02,48,1425.36,36533.93,0,Em dia,2025-10-09
102038,1829,Crédito Pessoal,3957.73,36,254.74,3185.98,0,Em dia,2025-09-27
102039,1830,Consignado,13695.74,24,765.77,0.0,0,Quitado,2024-01-07
102040,1831,Consignado,36276.73,24,2028.33,35097.74,0,Em dia,2026-05-06
102041,1832,Consignado,22455.42,36,953.27,9319.0,0,Em dia,2024-03-30
102042,1833,Refinanciamento,28534.75,36,1406.31,26679.99,134,Inadimplente,2026-03-17
102043,1834,Consignado,11833.59,24,661.65,9910.63,0,Em dia,2026-01-07
102044,1835,Crédito Pessoal,14770.75,30,1016.31,11314.4,0,Em dia,2025-09-12
102045,1836,Financiamento Veicular,40592.05,36,1644.14,34435.59,0,Em dia,2025-11-08
102046,1837,Crédito Pessoal,14622.76,12,1696.67,0.0,0,Quitado,2025-05-27
102047,1838,Crédito Pessoal,10595.01,12,1229.33,0.0,0,Quitado,2024-09-07
102048,1839,Consignado,15605.75,48,561.9,10533.88,0,Em dia,2024-10-19
102049,1840,Consignado,11528.68,24,644.6,10779.32,0,Em dia,2026-04-02
102050,1841,Crédito Pessoal,4838.0,30,332.88,1190.15,0,Em dia,2024-01-06
102051,1842,Financiamento Veicular,40668.35,36,1647.23,28332.28,0,Em dia,2025-04-11
102052,1843,Refinanciamento,13748.17,36,677.57,5407.61,0,Em dia,2024-02-26
102053,1844,Consignado,11277.86,24,630.58,6512.97,0,Em dia,2025-05-23
102054,1845,Financiamento Veicular,45619.67,36,1847.78,23874.29,0,Em dia,2024-08-29
102055,1846,Crédito Pessoal,10244.5,18,910.94,0.0,0,Quitado,2024-12-14
102056,1847,Consignado,6761.05,36,287.02,2952.33,0,Em dia,2024-04-01
102057,1848,Financiamento Veicular,37886.9,60,1143.34,34439.2,38,Inadimplente,2025-11-27
102058,1849,Crédito Pessoal,5758.35,12,668.14,0.0,0,Quitado,2024-04-14
102059,1850,Crédito Pessoal,3614.3,12,419.37,1499.94,0,Em dia,2025-09-27
102060,1850,Financiamento Veicular,33730.55,48,1144.91,33730.55,0,Em dia,2026-06-12
102061,1851,Crédito Pessoal,12296.07,36,791.45,8033.43,0,Em dia,2025-02-07
102062,1851,Financiamento Veicular,24855.84,36,1006.76,19470.41,0,Em dia,2025-08-10
102063,1852,Financiamento Veicular,28013.1,36,1134.64,19515.8,26,Atrasado,2025-04-24
102064,1853,Crédito Pessoal,28052.0,18,2494.38,28052.0,11,Atrasado,2026-06-01
102065,1854,Financiamento Veicular,43788.62,48,1486.31,25999.49,0,Em dia,2024-05-12
102066,1855,Financiamento Veicular,54179.47,48,1839.0,34810.31,0,Em dia,2024-08-28
102067,1856,Crédito Pessoal,15486.16,30,1065.53,5822.8,9,Atrasado,2024-06-26
102068,1857,Financiamento Veicular,35009.6,36,1418.03,15287.53,0,Em dia,2024-04-07
102069,1858,Financiamento Veicular,26480.94,36,1072.58,12137.1,0,Em dia,2024-05-02
102070,1859,Crédito Pessoal,10983.72,30,755.74,8127.95,0,Em dia,2025-08-12
102071,1860,Refinanciamento,38779.27,48,1679.39,33737.96,0,Em dia,2025-10-19
102072,1861,Refinanciamento,13646.37,24,849.8,8324.29,0,Em dia,2025-06-09
102073,1862,Consignado,18528.14,60,599.45,15878.62,0,Em dia,2025-07-01
102074,1863,Consignado,6806.45,24,380.57,2824.68,0,Em dia,2024-12-10
102075,1864,Financiamento Veicular,43782.79,60,1321.27,43213.62,0,Em dia,2026-05-16
102076,1865,Crédito Pessoal,11758.51,30,809.05,7784.13,0,Em dia,2025-05-16
102077,1866,Financiamento Veicular,36029.47,48,1222.94,31931.12,0,Em dia,2025-11-21
102078,1867,Financiamento Veicular,29256.26,48,993.04,24977.53,0,Em dia,2025-09-26
102079,1868,Consignado,7224.58,24,403.95,2998.2,0,Em dia,2024-12-04
102080,1869,Crédito Pessoal,3297.75,36,212.26,1582.92,0,Em dia,2024-06-20
102081,1870,Crédito Pessoal,11887.9,36,765.18,6221.33,0,Em dia,2024-08-11
102082,1870,Financiamento Veicular,40225.41,60,1213.91,37087.83,0,Em dia,2025-12-07
102083,1871,Crédito Pessoal,9545.32,12,1107.54,0.0,0,Quitado,2024-11-12
102084,1871,Crédito Pessoal,3709.82,24,282.08,2745.26,0,Em dia,2025-10-11
102085,1872,Financiamento Veicular,35467.89,48,1203.88,23364.47,0,Em dia,2024-09-08
102086,1873,Financiamento Veicular,21250.61,36,860.73,8819.0,46,Inadimplente,2024-03-30
102087,1874,Financiamento Veicular,24412.55,60,736.72,22191.01,0,Em dia,2025-11-01
102088,1875,Crédito Pessoal,19085.91,24,1451.21,12262.7,0,Em dia,2025-07-19
102089,1875,Crédito Pessoal,16306.68,18,1449.99,0.0,0,Quitado,2024-04-24
102090,1876,Crédito Pessoal,3906.24,24,297.01,3017.57,0,Em dia,2025-11-17
102091,1877,Financiamento Veicular,44120.78,48,1497.58,26913.68,0,Em dia,2024-06-24
102092,1878,Consignado,16408.46,60,530.87,15555.22,0,Em dia,2026-02-25
102093,1879,Crédito Pessoal,25564.49,12,2966.23,15594.34,21,Atrasado,2025-12-22
102094,1880,Crédito Pessoal,6390.56,12,741.49,0.0,0,Quitado,2024-02-10
102095,1881,Consignado,9818.81,60,317.67,6244.77,0,Em dia,2024-02-12
102096,1881,Financiamento Veicular,41945.54,48,1423.75,24905.16,0,Em dia,2024-05-13
102097,1882,Consignado,11652.09,24,651.5,5593.0,0,Em dia,2025-02-25
102098,1883,Crédito Pessoal,19227.2,36,1237.58,7146.11,45,Inadimplente,2024-01-24
102099,1884,Crédito Pessoal,5566.17,24,423.23,0.0,0,Quitado,2025-03-06
102100,1884,Crédito Pessoal,6134.34,36,394.84,5469.78,0,Em dia,2026-01-13
102101,1885,Crédito Pessoal,9326.78,36,600.33,4678.94,0,Em dia,2024-07-03
102102,1886,Crédito Pessoal,5766.84,24,438.49,3330.35,0,Em dia,2025-05-09
102103,1887,Crédito Pessoal,6179.51,30,425.18,5054.84,6,Atrasado,2025-11-04
102104,1888,Refinanciamento,11921.08,24,742.36,9596.47,0,Em dia,2025-12-16
102105,1889,Financiamento Veicular,44350.44,60,1338.4,33972.44,0,Em dia,2024-12-02
102106,1890,Crédito Pessoal,11862.27,18,1054.79,8778.08,55,Inadimplente,2025-12-31
102107,1890,Crédito Pessoal,9807.89,24,745.75,8532.87,135,Inadimplente,2026-02-19
102108,1891,Crédito Pessoal,5795.82,30,398.78,1727.16,0,Em dia,2024-03-09
102109,1892,Refinanciamento,26143.29,48,1132.17,23169.49,0,Em dia,2025-11-16
102110,1893,Crédito Pessoal,3588.06,12,416.32,0.0,0,Quitado,2025-06-11
102111,1894,Crédito Pessoal,3922.0,12,455.07,0.0,0,Quitado,2024-12-23
102112,1895,Crédito Pessoal,4334.67,18,385.44,0.0,0,Quitado,2024-10-17
102113,1896,Financiamento Veicular,42597.67,48,1445.88,25984.58,0,Em dia,2024-06-16
102114,1897,Financiamento Veicular,39535.61,60,1193.1,32854.09,0,Em dia,2025-05-21
102115,1898,Refinanciamento,25392.32,48,1099.65,21678.7,39,Inadimplente,2025-09-03
102116,1899,Crédito Pessoal,8071.93,36,519.56,4574.1,0,Em dia,2024-10-14
102117,1900,Financiamento Veicular,45700.84,48,1551.21,31590.71,0,Em dia,2024-11-10
102118,1901,Financiamento Veicular,38163.12,48,1295.36,24519.81,65,Inadimplente,2024-08-03
102119,1902,Refinanciamento,21925.53,48,949.52,13730.87,0,Em dia,2024-07-07
102120,1902,Refinanciamento,21056.7,24,1311.26,0.0,0,Quitado,2024-01-29
102121,1903,Consignado,19511.54,36,828.3,16552.29,0,Em dia,2025-11-01
102122,1904,Financiamento Veicular,39806.5,48,1351.14,21694.54,0,Em dia,2024-02-27
102123,1905,Crédito Pessoal,9723.19,24,739.31,5615.14,0,Em dia,2025-05-07
102124,1906,Crédito Pessoal,10686.51,18,950.24,0.0,0,Quitado,2024-09-19
102125,1907,Financiamento Veicular,29996.21,60,905.22,28046.45,0,Em dia,2026-01-10
102126,1908,Refinanciamento,15722.57,48,680.89,14700.6,0,Em dia,2026-02-24
102127,1909,Crédito Pessoal,10677.77,30,734.69,9289.66,0,Em dia,2026-01-31
102128,1910,Crédito Pessoal,7934.36,24,603.3,2261.29,1,Atrasado,2024-08-05
102129,1911,Financiamento Veicular,56302.43,48,1911.06,54472.6,51,Inadimplente,2026-04-01
102130,1912,Crédito Pessoal,16065.31,12,1864.05,8755.59,19,Atrasado,2025-11-12
102131,1912,Consignado,9925.85,36,421.37,5839.71,4,Atrasado,2024-11-28
102132,1913,Consignado,7354.32,60,237.94,7163.1,0,Em dia,2026-04-28
102133,1914,Crédito Pessoal,23906.33,36,1538.76,8885.18,89,Inadimplente,2024-01-11
102134,1915,Consignado,17595.34,60,569.27,10961.9,0,Em dia,2024-01-27
102135,1916,Consignado,22377.25,24,1251.18,0.0,0,Quitado,2024-01-25
102136,1917,Financiamento Veicular,33019.57,36,1337.42,28727.02,65,Inadimplente,2025-12-18
102137,1918,Crédito Pessoal,5427.23,18,482.59,0.0,0,Quitado,2024-02-09
102138,1919,Crédito Pessoal,12340.75,12,1431.89,0.0,0,Quitado,2025-05-15
102139,1920,Consignado,13105.95,60,424.02,9187.27,0,Em dia,2024-07-04
102140,1921,Financiamento Veicular,41444.96,60,1250.71,38751.04,0,Em dia,2026-01-18
102141,1922,Refinanciamento,21183.72,36,1044.02,15216.97,0,Em dia,2025-05-10
102142,1923,Consignado,11848.84,36,503.0,8511.41,0,Em dia,2025-05-29
102143,1924,Crédito Pessoal,8205.32,12,952.06,5005.25,0,Em dia,2025-12-17
102144,1925,Consignado,10073.1,36,427.62,5271.59,0,Em dia,2024-08-18
102145,1926,Crédito Pessoal,16257.68,12,1886.37,0.0,0,Quitado,2025-05-07
102146,1927,Consignado,22569.29,36,958.1,13278.27,0,Em dia,2024-11-04
102147,1928,Financiamento Veicular,27293.95,48,926.43,17536.36,0,Em dia,2024-08-19
102148,1929,Financiamento Veicular,59731.27,36,2419.36,51966.21,0,Em dia,2025-12-22
102149,1929,Crédito Pessoal,6374.22,12,739.6,5959.9,0,Em dia,2026-05-03
102150,1930,Refinanciamento,12806.53,36,631.16,5037.23,0,Em dia,2024-02-26
102151,1931,Crédito Pessoal,6048.82,24,459.93,6048.82,102,Inadimplente,2026-06-06
102152,1932,Crédito Pessoal,8240.43,24,626.57,0.0,0,Quitado,2024-04-07
102153,1933,Consignado,7798.34,60,252.3,5466.64,0,Em dia,2024-07-05
102154,1934,Financiamento Veicular,33317.16,36,1349.48,29707.8,48,Inadimplente,2026-01-03
102155,1935,Consignado,15062.08,48,542.33,13838.28,0,Em dia,2026-01-02
102156,1936,Refinanciamento,8128.12,36,400.59,5134.26,0,Em dia,2025-01-12
102157,1937,Crédito Pessoal,6163.62,36,396.73,4561.08,48,Inadimplente,2025-06-09
102158,1938,Consignado,12217.96,36,518.67,7717.68,0,em dia,2025-01-20
102159,1939,Crédito Pessoal,16495.34,36,1061.74,6130.77,0,Em dia,2024-01-04
102160,1940,Crédito Pessoal,7767.23,30,534.43,4536.06,0,Em dia,2025-02-21
102161,1941,Consignado,18533.16,60,599.61,17087.57,0,Em dia,2025-12-30
102162,1941,Consignado,7313.59,24,408.92,5887.44,0,Em dia,2025-12-28
102163,1942,Crédito Pessoal,13324.06,24,1013.11,7261.61,0,Em dia,2025-04-29
102164,1943,Consignado,13390.49,60,433.23,12694.19,0,Em dia,2026-02-17
102165,1944,Crédito Pessoal,10195.22,24,775.2,4893.71,0,Em dia,2025-02-27
102166,1945,Crédito Pessoal,13281.3,24,1009.85,5080.1,122,Inadimplente,2024-11-21
102167,1946,Consignado,2534.51,60,82.0,2106.18,0,Em dia,2025-05-20
102168,1947,Crédito Pessoal,4171.16,24,317.16,1459.91,0,Em dia,2024-10-15
102169,1948,Consignado,15701.69,36,666.56,12639.86,0,Em dia,2025-09-13
102170,1949,Refinanciamento,16864.17,24,1050.18,9739.06,0,Em dia,2025-05-14
102171,1950,Crédito Pessoal,4479.09,24,340.57,2295.54,0,Em dia,2025-03-27
102172,1951,Crédito Pessoal,8179.51,36,526.49,3217.27,58,Inadimplente,2024-02-22
102173,1951,Crédito Pessoal,6555.59,18,582.92,3430.76,0,Em dia,2025-07-10
102174,1952,Crédito Pessoal,6557.78,30,451.21,6046.27,56,Inadimplente,2026-03-23
102175,1952,Consignado,20098.04,48,723.65,12586.4,0,Em dia,2024-07-27
102176,1953,Crédito Pessoal,12615.03,36,811.98,6601.87,53,Inadimplente,2024-08-04
102177,1954,Refinanciamento,20382.75,24,1269.29,13095.92,38,Inadimplente,2025-07-11
102178,1955,Crédito Pessoal,2047.97,30,140.91,1675.24,0,Em dia,2025-11-09
102179,1956,Crédito Pessoal,6154.55,24,467.97,0.0,0,Quitado,2024-02-22
102180,1957,Crédito Pessoal,15832.7,24,1203.85,0.0,0,Quitado,2024-02-20
102181,1958,Financiamento Veicular,42965.46,60,1296.6,32352.99,0,Em dia,2024-11-09
102182,1959,Consignado,7331.71,48,263.99,4472.34,0,Em dia,2024-06-09
102183,1960,Crédito Pessoal,6528.94,36,420.24,3133.89,0,Em dia,2024-06-18
102184,1961,Consignado,33966.18,48,1222.99,26238.88,0,Em dia,2025-04-03
102185,1962,Crédito Pessoal,12040.09,24,915.48,3822.73,0,Em dia,2024-09-23
102186,1963,Consignado,13024.09,24,728.21,12600.81,6,Atrasado,2026-05-14
102187,1964,Crédito Pessoal,2900.5,36,186.69,2711.96,0,Em dia,2026-03-25
102188,1965,Refinanciamento,32935.88,48,1426.34,29724.63,0,Em dia,2025-12-24
102189,1966,Crédito Pessoal,5814.97,36,374.29,4429.07,26,Atrasado,2025-07-09
102190,1967,Refinanciamento,66307.08,36,3267.89,61997.12,24,Atrasado,2026-03-26
102191,1968,Crédito Pessoal,5085.93,30,349.94,3102.41,0,Em dia,2025-03-26
102192,1969,Crédito Pessoal,5962.15,18,530.15,4670.35,0,Em dia,2026-01-31
102193,1970,Financiamento Veicular,52697.15,36,2134.45,46988.29,0,Em dia,2026-01-14
102194,1971,Financiamento Veicular,50523.9,48,1714.92,38208.7,0,Em dia,2025-03-29
102195,1972,Consignado,34703.53,60,1122.78,25229.47,0,Em dia,2024-09-14
102196,1973,Financiamento Veicular,36479.29,36,1477.56,23833.14,0,Em dia,2025-02-01
102197,1974,Financiamento Veicular,20211.6,36,818.65,11015.32,0,Em dia,2024-09-23
102198,1975,Financiamento Veicular,32147.22,48,1091.16,20654.59,0,Em dia,2024-08-12
102199,1976,Consignado,7569.13,48,272.53,7569.13,0,Em dia,2026-06-29
102200,1977,Crédito Pessoal,5276.65,36,339.64,4019.05,0,Em dia,2025-07-16
102201,1978,Crédito Pessoal,7051.92,30,485.21,5035.07,0,Em dia,2025-07-31
102202,1979,Crédito Pessoal,11899.9,30,818.78,10352.92,0,Em dia,2026-01-05
102203,1979,Consignado,13106.38,60,424.04,12935.99,0,Em dia,2026-05-10
102204,1980,Consignado,27163.35,36,1153.13,23043.58,0,Em dia,2025-11-14
102205,1981,Consignado,14347.94,48,516.61,9918.01,0,Em dia,2024-11-02
102206,1982,Crédito Pessoal,6703.18,18,596.05,0.0,0,Quitado,2024-02-19
102207,1983,Crédito Pessoal,9232.04,30,635.21,6831.71,0,Em dia,2025-08-28
102208,1984,Financiamento Veicular,59940.28,60,1808.86,49031.15,0,Em dia,2025-04-24
102209,1985,Consignado,8897.52,36,377.71,8319.18,0,Em dia,2026-03-11
102210,1986,Crédito Pessoal,8944.95,12,1037.88,2549.31,0,Em dia,2025-07-09
102211,1987,Crédito Pessoal,3695.54,18,328.61,0.0,0,Quitado,2024-04-11
102212,1988,Financiamento Veicular,36138.75,36,1463.76,26742.67,103,Inadimplente,2025-06-19
102213,1989,Refinanciamento,15214.22,36,749.82,14884.58,0,Em dia,2026-05-21
102214,1990,Crédito Pessoal,9490.1,12,1101.13,0.0,0,Quitado,2025-04-10
102215,1991,Consignado,17133.59,24,957.99,8780.97,0,Em dia,2025-03-28
102216,1992,Financiamento Veicular,57947.24,36,2347.1,44136.48,0,Em dia,2025-07-22
102217,1993,Crédito Pessoal,6364.57,18,565.94,0.0,0,Quitado,2024-07-01
102218,1994,Crédito Pessoal,9606.82,30,661.0,2862.83,0,Em dia,2024-03-11
102219,1995,Financiamento Veicular,19593.45,60,591.29,13480.29,0,Em dia,2024-06-02
102220,1996,Crédito Pessoal,10589.99,36,681.64,3935.95,0,Em dia,2024-01-04
102221,1997,Crédito Pessoal,18946.34,24,1440.6,10325.75,0,Em dia,2025-04-03
102222,1998,Consignado,7486.78,36,317.83,6837.92,0,Em dia,2026-02-18
102223,1999,Financiamento Veicular,26647.92,48,904.5,24049.75,0,Em dia,2025-12-24
102224,1999,Financiamento Veicular,25825.99,36,1046.06,19111.23,0,Em dia,2025-06-18
102225,2000,Consignado,11088.31,24,619.98,7484.61,0,Em dia,2025-08-13
102226,2001,Consignado,12972.86,60,419.72,9937.21,0,Em dia,2024-12-14
102227,2002,Refinanciamento,22117.72,36,1090.05,11095.72,0,Em dia,2024-07-15
102228,2003,Refinanciamento,20957.43,24,1305.08,12784.03,77,Inadimplente,2025-06-02
102229,2004,Crédito Pessoal,20770.02,24,1579.26,10644.63,56,Inadimplente,2025-03-01
102230,2004,Consignado,14816.64,48,533.49,10964.31,0,Em dia,2025-02-24
102231,2005,Crédito Pessoal,8325.09,24,633.0,7513.39,31,Inadimplente,2026-03-29
102232,2006,Crédito Pessoal,3715.55,18,330.39,1944.47,0,Em dia,2025-07-22
102233,2007,Consignado,19979.73,60,646.41,15823.95,0,Em dia,2025-02-21
102234,2008,Refinanciamento,9075.25,36,447.27,5142.64,0,Em dia,2024-10-22
102235,2009,Refinanciamento,16827.02,36,829.31,12087.41,0,Em dia,2025-05-08
102236,2010,Financiamento Veicular,20606.14,36,834.63,9890.95,0,Em dia,2024-06-04
102237,2011,Crédito Pessoal,14547.91,24,1106.16,0.0,0,Quitado,2024-04-03
102238,2012,Consignado,10477.37,36,444.78,5256.15,0,Em dia,2024-07-17
102239,2012,Crédito Pessoal,10009.66,30,688.72,5585.39,0,Em dia,2025-01-12
102240,2013,Financiamento Veicular,46250.1,60,1395.72,33022.57,0,Em dia,2024-08-17
102241,2014,Financiamento Veicular,32782.61,36,1327.83,31362.03,0,Em dia,2026-04-07
102242,2015,Financiamento Veicular,35747.64,36,1447.92,35747.64,65,Inadimplente,2026-06-21
102243,2016,Consignado,7731.7,60,250.15,6224.02,0,Em dia,2025-03-13
102244,2016,Refinanciamento,11414.07,36,562.53,6467.97,27,Atrasado,2024-10-05
102245,2017,Financiamento Veicular,45117.14,60,1361.53,44530.62,24,Atrasado,2026-05-19
102246,2018,Crédito Pessoal,4548.33,30,312.95,1237.15,0,Em dia,2024-02-17
102247,2018,Refinanciamento,26673.53,36,1314.58,24939.75,0,Em dia,2026-03-29
102248,2019,Financiamento Veicular,42960.47,48,1458.2,40866.15,22,Atrasado,2026-03-19
102249,2020,Financiamento Veicular,16145.39,60,487.23,12157.48,0,Em dia,2024-11-03
102250,2021,Consignado,26292.24,24,1470.07,8347.79,0,Em dia,2024-09-11
102251,2022,Consignado,25116.24,24,1404.32,0.0,0,Quitado,2024-01-22
102252,2022,Crédito Pessoal,8032.4,18,714.24,4203.62,0,Em dia,2025-07-10
102253,2023,Crédito Pessoal,13211.49,12,1532.92,0.0,0,Quitado,2024-09-26
102254,2024,Crédito Pessoal,5346.24,12,620.32,0.0,0,Quitado,2024-07-25
102255,2025,Refinanciamento,29598.71,36,1458.75,13566.08,0,Em dia,2024-05-25
102256,2026,Financiamento Veicular,46353.0,48,1573.35,29028.56,0,Em dia,2024-07-30
102257,2027,Crédito Pessoal,4615.61,30,317.58,2095.49,0,Em dia,2024-09-02
102258,2028,Consignado,15550.62,60,503.12,14944.14,0,Em dia,2026-03-06
102259,2029,Crédito Pessoal,11335.35,30,779.93,11335.35,0,Em dia,2026-06-25
102260,2030,Crédito Pessoal,9274.59,18,824.7,5657.5,48,Inadimplente,2025-09-06
102261,2031,Crédito Pessoal,7066.44,24,537.3,6377.46,0,Em dia,2026-03-02
102262,2032,Consignado,17836.52,36,757.19,13971.94,0,Em dia,2025-08-13
102263,2032,Consignado,9350.7,60,302.53,7891.99,0,Em dia,2025-06-05
102264,2033,Crédito Pessoal,7105.04,30,488.87,5257.73,0,Em dia,2025-08-20
102265,2034,Crédito Pessoal,5756.69,24,437.71,4821.23,0,Em dia,2026-01-15
102266,2035,Crédito Pessoal,12649.55,12,1467.72,0.0,0,Quitado,2025-06-14
102267,2036,Crédito Pessoal,8776.47,36,564.91,5353.65,0,Em dia,2024-12-25
102268,2036,Financiamento Veicular,62887.34,60,1897.8,39996.35,0,Em dia,2024-02-20
102269,2037,Consignado,7918.43,48,285.11,4830.24,0,Em dia,2024-06-25
102270,2038,Crédito Pessoal,8757.09,30,602.54,5797.2,0,Em dia,2025-05-05
102271,2039,Financiamento Veicular,25014.81,36,1013.2,19594.93,0,Em dia,2025-08-13
102272,2039,Crédito Pessoal,19759.03,12,2292.63,0.0,0,Quitado,2025-03-04
102273,2040,Consignado,13805.73,36,586.08,12010.99,0,Em dia,2025-12-28
102274,2041,Consignado,16314.32,48,587.41,9686.63,0,Em dia,2024-05-12
102275,2041,Crédito Pessoal,7453.77,24,566.75,2608.82,0,Em dia,2024-10-18
102276,2042,Consignado,7036.93,36,298.73,6427.06,0,Em dia,2026-02-05
102277,2043,Refinanciamento,11071.43,48,479.46,9632.15,0,Em dia,2025-10-28
102278,2044,Consignado,10816.21,36,459.17,8238.35,0,Em dia,2025-07-06
102279,2044,Refinanciamento,41664.76,36,2053.41,24512.77,0,Em dia,2024-11-02
102280,2045,Refinanciamento,11719.46,48,507.53,6767.99,47,Inadimplente,2024-04-13
102281,2046,Consignado,12452.3,48,448.36,7393.55,0,Em dia,2024-05-06
102282,2047,Financiamento Veicular,24462.23,48,830.32,16114.5,91,Inadimplente,2024-09-23
102283,2048,Consignado,25642.66,24,1433.75,16475.41,0,Em dia,2025-07-02
102284,2048,Consignado,14349.94,36,609.18,9686.21,0,Em dia,2025-03-18
102285,2049,Crédito Pessoal,3873.79,24,294.55,2237.11,0,Em dia,2025-05-24
102286,2050,Crédito Pessoal,10814.32,36,696.08,5893.81,0,Em dia,2024-09-12
102287,2051,Crédito Pessoal,15214.48,12,1765.32,0.0,0,Quitado,2024-06-03
102288,2051,Consignado,17819.77,24,996.35,17819.77,30,Atrasado,2026-06-22
102289,2052,Crédito Pessoal,9918.0,24,754.12,0.0,0,Quitado,2024-03-12
102290,2053,Crédito Pessoal,3815.43,12,442.7,0.0,0,Quitado,2024-05-21
102291,2054,Refinanciamento,15422.08,36,760.06,14419.65,81,Inadimplente,2026-03-18
102292,2055,Consignado,28691.61,60,928.27,24215.71,0,Em dia,2025-06-13
102293,2055,Consignado,8535.09,60,276.14,5761.19,0,Em dia,2024-05-10
102294,2056,Financiamento Veicular,37291.74,60,1125.38,30504.65,0,Em dia,2025-04-15
102295,2057,Crédito Pessoal,28242.81,36,1817.89,12332.69,70,Inadimplente,2024-04-03
102296,2058,Financiamento Veicular,76074.64,36,3081.33,34867.54,0,Em dia,2024-05-21
102297,2059,Crédito Pessoal,13030.35,24,990.77,7948.52,0,Em dia,2025-06-23
102298,2060,Financiamento Veicular,47231.97,48,1603.18,41859.33,56,Inadimplente,2025-11-01
102299,2060,Consignado,11129.19,60,360.07,9537.72,0,Em dia,2025-07-16
102300,2061,Consignado,15856.98,24,886.61,4003.89,0,Em dia,2024-07-16
102301,2062,Consignado,10265.41,24,573.97,3926.52,0,Em dia,2024-11-01
102302,2062,Refinanciamento,15274.14,24,951.16,4353.13,0,Em dia,2024-08-15
102303,2063,Crédito Pessoal,2878.21,36,185.26,1381.54,0,Em dia,2024-06-06
102304,2063,Crédito Pessoal,10411.34,36,670.14,7027.65,0,Em dia,2025-03-12
102305,2064,Refinanciamento,18188.0,24,1132.62,12868.01,0,Em dia,2025-09-23
102306,2065,Crédito Pessoal,14643.33,24,1113.42,3697.44,0,Em dia,2024-07-01
102307,2066,Consignado,12055.25,60,390.03,12055.25,0,Em dia,2026-06-15
102308,2067,Consignado,11867.25,60,383.95,8781.77,0,Em dia,2024-10-13
102309,2068,Crédito Pessoal,12385.04,24,941.71,7554.88,0,Em dia,2025-06-28
102310,2069,Financiamento Veicular,44822.82,60,1352.65,34916.98,37,Inadimplente,2025-01-07
102311,2070,Consignado,17186.7,48,618.82,9366.75,0,Em dia,2024-02-06
102312,2071,Consignado,15400.48,60,498.26,12797.8,0,Em dia,2025-05-20
102313,2072,Crédito Pessoal,4848.06,12,562.52,0.0,0,Quitado,2025-02-26
102314,2073,Crédito Pessoal,11370.08,30,782.32,7822.61,0,Em dia,2025-06-25
102315,2074,Crédito Pessoal,4957.8,18,440.85,1735.23,0,Em dia,2025-03-20
102316,2075,Crédito Pessoal,5322.24,12,617.54,5322.24,0,Em dia,2026-06-30
102317,2076,Crédito Pessoal,9323.06,24,708.89,4778.07,0,Em dia,2025-03-26
102318,2077,Financiamento Veicular,47694.24,60,1439.3,47694.24,11,Atrasado,2026-06-21
102319,2078,Consignado,15648.69,36,664.31,9884.76,0,Em dia,2025-01-03
102320,2079,Crédito Pessoal,8134.75,12,943.87,0.0,0,Quitado,2024-11-20
102321,2080,Crédito Pessoal,6918.16,36,445.3,6468.48,0,Em dia,2026-03-27
102322,2081,Financiamento Veicular,47703.21,36,1932.17,45636.08,0,Em dia,2026-04-08
102323,2082,Crédito Pessoal,21751.16,18,1934.11,11383.11,12,Atrasado,2025-07-31
102324,2082,Financiamento Veicular,23913.91,60,721.67,22670.39,0,Em dia,2026-02-10
102325,2083,financiamento veicular,24309.54,48,825.13,14828.82,0,Em dia,2024-06-27
102326,2083,Consignado,5211.67,60,168.62,4330.89,0,Em dia,2025-05-11
102327,2084,Crédito Pessoal,7046.17,24,535.76,7046.17,0,Em dia,2026-06-05
102328,2085,Crédito Pessoal,7911.42,12,917.96,0.0,0,Quitado,2024-02-03
102329,2085,Consignado,10481.61,36,444.96,5258.27,0,Em dia,2024-07-27
102330,2086,Consignado,29427.21,24,1645.36,7430.37,52,Inadimplente,2024-07-23
102331,2087,Financiamento Veicular,26019.44,48,883.17,23059.73,0,Em dia,2025-11-19
102332,2087,Financiamento Veicular,50832.06,36,2058.9,38717.08,43,Inadimplente,2025-07-23
102333,2088,Consignado,14182.41,36,602.07,10802.27,0,Em dia,2025-07-01
102334,2088,Crédito Pessoal,18704.64,24,1422.22,11409.83,0,Em dia,2025-06-07
102335,2089,Crédito Pessoal,12596.99,30,866.74,7684.17,0,Em dia,2025-03-31
102336,2090,Refinanciamento,31400.46,36,1547.55,21195.31,46,Inadimplente,2025-03-01
102337,2091,Crédito Pessoal,13819.27,36,889.5,12921.01,0,Em dia,2026-03-17
102338,2092,Consignado,14564.37,48,524.4,13617.69,0,Em dia,2026-02-26
102339,2092,Consignado,11671.73,48,420.25,8826.74,0,Em dia,2025-03-28
102340,2093,Crédito Pessoal,7112.86,12,825.3,0.0,0,Quitado,2024-06-01
102341,2094,Financiamento Veicular,62112.65,36,2515.81,28468.3,0,Em dia,2024-05-09
102342,2095,Crédito Pessoal,9851.8,18,876.02,0.0,0,Quitado,2024-08-16
102343,2096,Consignado,14224.41,48,512.16,8676.89,0,Em dia,2024-06-14
102344,2097,Financiamento Veicular,30591.17,48,1038.35,24128.79,0,Em dia,2025-05-25
102345,2098,Consignado,10014.85,48,360.59,7573.73,0,Em dia,2025-03-19
102346,2099,Refinanciamento,20671.29,24,1287.26,16640.39,38,Inadimplente,2025-12-11
102347,2099,Consignado,16894.06,60,546.58,15137.08,0,Em dia,2025-10-06
102348,2100,Financiamento Veicular,41812.29,48,1419.22,34338.34,0,Em dia,2025-07-08
102349,2100,Crédito Pessoal,7496.35,12,869.8,0.0,0,Quitado,2025-01-21
102350,2101,Crédito Pessoal,8980.45,24,682.84,8980.45,0,Em dia,2026-06-10
102351,2102,Financiamento Veicular,53355.24,60,1610.14,49193.53,0,Em dia,2025-12-29
102352,2103,Financiamento Veicular,71181.65,36,2883.14,48047.61,0,Em dia,2025-03-16
102353,2104,Refinanciamento,13747.48,24,856.09,11066.72,35,Inadimplente,2025-12-16
102354,2105,Crédito Pessoal,8575.5,12,995.01,5788.47,0,Em dia,2026-01-26
102355,2106,Crédito Pessoal,10708.93,18,952.24,3748.13,30,Atrasado,2025-03-08
102356,2106,Consignado,13351.72,48,480.74,11832.97,0,Em dia,2025-11-06
102357,2107,Financiamento Veicular,41215.57,48,1398.97,39876.07,0,Em dia,2026-04-13
102358,2108,Refinanciamento,11522.73,48,499.01,10586.51,0,Em dia,2026-01-15
102359,2109,Consignado,10542.79,48,379.6,10542.79,0,Em dia,2026-06-24
102360,2110,Crédito Pessoal,7956.93,18,707.53,6232.93,0,Em dia,2026-01-01
102361,2111,Crédito Pessoal,2000.0,24,152.07,1740.0,0,Em dia,2026-02-21
102362,2111,Crédito Pessoal,5662.29,18,503.49,0.0,0,Quitado,2024-06-04
102363,2112,Financiamento Veicular,54988.78,60,1659.44,51414.51,0,Em dia,2026-01-23
102364,2113,Financiamento Veicular,36896.93,48,1252.38,25505.0,0,Em dia,2024-11-18
102365,2114,Refinanciamento,30191.59,36,1487.97,28883.29,0,Em dia,2026-04-11
102366,2115,Financiamento Veicular,75543.59,48,2564.16,73088.42,0,Em dia,2026-04-06
102367,2116,Financiamento Veicular,74661.07,48,2534.2,57675.68,0,Em dia,2025-04-30
102368,2116,Financiamento Veicular,62333.64,36,2524.76,36672.96,0,Em dia,2024-11-27
102369,2117,Refinanciamento,34426.47,36,1696.68,34426.47,0,Em dia,2026-06-06
102370,2118,Crédito Pessoal,12418.6,12,1440.92,3539.3,55,Inadimplente,2025-07-22
102371,2119,Consignado,18808.97,48,677.24,16669.45,0,Em dia,2025-11-02
102372,2120,Consignado,8534.76,60,276.13,7647.14,0,Em dia,2025-10-23
102373,2121,Crédito Pessoal,6903.92,24,524.95,0.0,0,Quitado,2024-02-26
102374,2122,Financiamento Veicular,40627.0,60,1226.03,37986.25,0,Em dia,2026-01-28
102375,2123,Crédito Pessoal,19484.92,30,1340.67,10365.98,18,Atrasado,2024-12-27
102376,2124,Consignado,30242.32,36,1283.83,11895.31,129,Inadimplente,2024-02-18
102377,2125,Refinanciamento,17527.78,36,863.84,16768.24,0,Em dia,2026-04-18
102378,2126,Crédito Pessoal,7700.2,36,495.63,7700.2,0,Em dia,2026-06-11
102379,2127,Consignado,25917.6,24,1449.13,12440.45,0,Em dia,2025-02-10
102380,2128,Crédito Pessoal,8829.98,24,671.4,5386.29,142,Inadimplente,2025-06-14
102381,2129,Crédito Pessoal,30848.8,24,2345.61,0.0,0,Quitado,2024-05-07
102382,2130,Consignado,11808.01,48,425.16,8546.05,0,Em dia,2025-01-01
102383,2131,Consignado,8199.21,36,348.07,8021.56,0,Em dia,2026-05-17
102384,2132,Crédito Pessoal,13492.54,30,928.36,6125.61,0,Em dia,2024-09-08
102385,2132,Financiamento Veicular,30376.79,48,1031.07,23959.7,54,Inadimplente,2025-05-10
102386,2133,Crédito Pessoal,4551.17,36,292.94,4255.34,0,Em dia,2026-03-15
102387,2133,Consignado,11913.48,36,505.75,6492.84,0,Em dia,2024-09-09
102388,2134,Financiamento Veicular,54946.94,36,2225.57,51375.38,0,Em dia,2026-03-06
102389,2135,Refinanciamento,28164.08,36,1388.04,19620.98,0,Em dia,2025-04-20
102390,2135,Crédito Pessoal,11019.77,12,1278.62,0.0,0,Quitado,2024-03-08
102391,2136,Consignado,18383.18,60,594.76,12886.61,0,Em dia,2024-07-12
102392,2137,Crédito Pessoal,15517.16,24,1179.86,0.0,0,Quitado,2024-02-04
102393,2138,Crédito Pessoal,8685.28,36,559.04,4357.12,145,Inadimplente,2024-07-14
102394,2139,Crédito Pessoal,4416.32,36,284.26,3746.51,0,Em dia,2025-11-25
102395,2140,Crédito Pessoal,11647.81,12,1351.49,0.0,0,Quitado,2025-10-03
102396,2141,Refinanciamento,40615.12,24,2529.22,23455.23,113,Inadimplente,2025-05-25
102397,2142,Refinanciamento,19378.48,24,1206.75,18118.88,107,Inadimplente,2026-04-15
102398,2142,Crédito Pessoal,26634.18,12,3090.34,0.0,0,Quitado,2024-05-12
102399,2143,Consignado,10339.96,60,334.53,6979.48,0,Em dia,2024-05-26
102400,2144,Crédito Pessoal,3229.59,30,222.21,2389.9,0,Em dia,2025-08-21
102401,2145,Crédito Pessoal,11811.46,36,760.26,7204.99,0,Em dia,2024-12-09
102402,2146,Crédito Pessoal,10744.27,36,691.57,7717.97,45,Inadimplente,2025-05-20
102403,2147,Crédito Pessoal,12761.89,18,1134.79,9443.8,0,Em dia,2025-12-24
102404,2148,Consignado,14035.14,48,505.35,13122.86,0,Em dia,2026-02-25
102405,2149,Crédito Pessoal,11719.45,18,1042.09,5625.33,0,Em dia,2025-06-09
102406,2149,Consignado,13758.79,48,495.4,12640.89,0,Em dia,2026-01-12
102407,2150,Crédito Pessoal,6964.81,30,479.22,5153.96,0,Em dia,2025-08-15
102408,2151,Refinanciamento,14250.83,24,887.44,9619.31,0,Em dia,2025-08-22
102409,2152,Consignado,13170.82,48,474.23,12100.69,0,Em dia,2026-01-31
102410,2153,Crédito Pessoal,13388.29,30,921.19,5382.09,0,Em dia,2024-07-12
102411,2154,Crédito Pessoal,10760.46,36,692.61,6330.74,0,Em dia,2024-11-07
102412,2155,Crédito Pessoal,4609.1,12,534.79,0.0,0,Quitado,2025-04-27
102413,2156,Consignado,9668.95,24,540.62,5269.58,0,Em dia,2025-04-05
102414,2157,Consignado,14539.3,48,523.5,9105.24,0,em dia,2024-07-03
102415,2158,Crédito Pessoal,7721.74,30,531.3,2301.08,113,Inadimplente,2024-03-04
102416,2159,Crédito Pessoal,7812.63,30,537.55,4156.32,0,Em dia,2024-12-14
102417,2160,Consignado,24799.63,48,892.94,24396.64,0,Em dia,2026-05-21
102418,2161,Financiamento Veicular,32084.7,48,1089.04,25828.18,0,Em dia,2025-06-21
102419,2162,Crédito Pessoal,25076.21,30,1725.38,0.0,0,Quitado,2024-08-29
102420,2163,Consignado,27935.24,60,903.8,25393.13,0,Em dia,2025-11-24
102421,2164,Crédito Pessoal,13094.82,36,842.87,12527.37,0,Em dia,2026-04-01
102422,2165,Crédito Pessoal,9579.66,12,1111.52,0.0,0,Quitado,2025-03-15
102423,2165,Financiamento Veicular,63327.77,48,2149.52,48920.71,0,Em dia,2025-04-25
102424,2166,Crédito Pessoal,6285.22,36,404.56,4242.52,0,Em dia,2025-03-15
102425,2167,Crédito Pessoal,11500.25,18,1022.6,5021.77,0,Em dia,2025-05-16
102426,2168,Crédito Pessoal,6232.81,36,401.18,3126.79,0,Em dia,2024-07-18
102427,2169,Crédito Pessoal,8317.4,36,535.36,4713.19,0,Em dia,2024-10-24
102428,2170,Crédito Pessoal,6965.49,18,619.37,4852.62,137,Inadimplente,2025-11-14
102429,2171,Refinanciamento,11826.13,36,582.84,6701.47,0,Em dia,2024-10-02
102430,2172,Crédito Pessoal,6769.74,36,435.74,5009.61,0,Em dia,2025-06-13
102431,2173,Refinanciamento,24920.79,36,1228.2,20061.23,0,Em dia,2025-09-21
102432,2174,Consignado,11296.35,36,479.55,9827.82,0,Em dia,2025-12-22
102433,2175,Financiamento Veicular,23324.7,36,944.74,16754.91,0,Em dia,2025-05-11
102434,2176,Consignado,13758.23,36,584.06,6902.04,0,Em dia,2024-07-21
102435,2177,Consignado,11205.69,24,626.54,10477.32,31,Inadimplente,2026-04-06
102436,2178,Consignado,23652.01,24,1322.45,13659.04,25,Atrasado,2025-05-20
102437,2179,Crédito Pessoal,8944.4,12,1037.81,4874.7,0,Em dia,2025-11-17
102438,2180,Financiamento Veicular,44260.15,60,1335.67,31026.36,32,Inadimplente,2024-07-13
102439,2181,Crédito Pessoal,16387.08,30,1127.52,7013.67,142,Inadimplente,2024-08-15
102440,2182,Refinanciamento,8958.14,24,557.85,7502.44,0,Em dia,2026-01-25
102441,2183,Financiamento Veicular,57679.04,48,1957.78,52992.62,78,Inadimplente,2026-01-06
102442,2184,Refinanciamento,18759.44,36,924.54,17133.62,0,Em dia,2026-02-12
102443,2185,Crédito Pessoal,5138.25,18,456.89,3356.99,0,Em dia,2025-10-22
102444,2186,Consignado,26775.1,24,1497.07,19813.57,68,Inadimplente,2025-10-13
102445,2187,Financiamento Veicular,30957.49,48,1050.78,20896.31,0,Em dia,2024-10-23
102446,2188,Crédito Pessoal,17742.04,30,1220.75,17742.04,62,Inadimplente,2026-06-09
102447,2189,Refinanciamento,45262.59,48,1960.16,28345.7,103,Inadimplente,2024-07-03
102448,2190,Financiamento Veicular,29035.36,60,876.22,25638.23,0,Em dia,2025-09-13
102449,2191,Crédito Pessoal,20659.43,18,1837.03,10811.77,0,Em dia,2025-07-01
102450,2192,Crédito Pessoal,11716.59,30,806.16,10193.44,0,Em dia,2026-01-06
102451,2192,Crédito Pessoal,11980.63,24,910.96,0.0,0,Quitado,2024-03-19
102452,2193,Crédito Pessoal,21929.18,36,1411.5,11476.27,0,Em dia,2024-08-10
102453,2194,Crédito Pessoal,7683.26,18,683.2,7350.32,0,Em dia,2026-05-02
102454,2195,Crédito Pessoal,9388.63,36,604.31,8981.79,0,Em dia,2026-04-11
102455,2196,Crédito Pessoal,7929.04,24,602.89,6125.18,0,Em dia,2025-11-03
102456,2197,Crédito Pessoal,7126.23,24,541.85,3188.99,0,Em dia,2025-01-17
102457,2198,Financiamento Veicular,39762.02,48,1349.63,21670.3,0,Em dia,2024-02-27
102458,2199,Consignado,19162.51,36,813.48,11273.94,0,Em dia,2024-11-22
102459,2199,Refinanciamento,22238.2,36,1095.99,12119.82,145,Inadimplente,2024-09-04
102460,2200,Financiamento Veicular,16381.16,60,494.35,12760.92,0,Em dia,2025-01-10
102461,2200,Financiamento Veicular,22219.59,36,899.98,11146.83,0,Em dia,2024-07-07
102462,2201,Crédito Pessoal,17631.21,12,2045.74,0.0,0,Quitado,2024-11-21
102463,2202,Crédito Pessoal,3227.96,12,374.54,0.0,0,Quitado,2025-04-21
102464,2203,Crédito Pessoal,3741.63,30,257.44,2768.8,0,Em dia,2025-08-02
102465,2204,Consignado,14644.62,24,818.82,0.0,0,Quitado,2024-06-18
102466,2205,Crédito Pessoal,4735.34,24,360.06,0.0,0,Quitado,2024-03-01
102467,2206,Consignado,15437.82,24,863.17,12427.44,0,Em dia,2025-12-08
102468,2207,Crédito Pessoal,7545.64,30,519.18,4014.28,0,Em dia,2024-12-02
102469,2208,Financiamento Veicular,31147.32,36,1261.59,31147.32,102,Inadimplente,2026-06-09
102470,2209,Financiamento Veicular,40146.95,36,1626.11,14921.28,0,Em dia,2024-01-17
102471,2210,refinanciamento,28828.63,48,1248.47,27891.7,0,Em dia,2026-04-15
102472,2211,Crédito Pessoal,10979.91,12,1273.99,4556.66,0,Em dia,2025-09-02
102473,2212,Financiamento Veicular,36817.31,60,1111.06,32509.69,4,Atrasado,2025-09-09
102474,2213,Financiamento Veicular,39814.58,48,1351.42,35285.67,42,Inadimplente,2025-11-25
102475,2214,Consignado,14307.01,36,607.36,12447.1,0,Em dia,2025-12-27
102476,2215,Refinanciamento,18045.2,24,1123.73,9834.64,0,Em dia,2025-04-14
102477,2216,Crédito Pessoal,14179.65,36,912.69,6191.78,71,Inadimplente,2024-04-02
102478,2217,Crédito Pessoal,4753.87,18,422.71,2281.86,0,Em dia,2025-06-24
102479,2218,Consignado,9845.6,48,354.5,9685.61,95,Inadimplente,2026-05-18
102480,2219,Crédito Pessoal,9319.73,18,828.71,5685.04,11,Atrasado,2025-09-06
102481,2220,Consignado,25815.17,48,929.5,18264.23,0,Em dia,2024-12-01
102482,2221,Crédito Pessoal,9003.7,24,684.6,2566.05,0,Em dia,2024-08-24
102483,2222,Financiamento Veicular,30568.52,48,1037.58,19640.28,0,Em dia,2024-08-30
102484,2223,Consignado,18082.36,36,767.62,11422.02,0,Em dia,2025-01-02
102485,2224,Financiamento Veicular,25323.61,48,859.55,21620.03,92,Inadimplente,2025-09-10
102486,2225,Financiamento Veicular,22985.07,60,693.64,22686.27,0,Em dia,2026-05-01
102487,2226,Consignado,13454.31,36,571.16,9373.17,0,Em dia,2025-04-05
102488,2227,Consignado,19205.63,60,621.37,15210.86,0,Em dia,2025-02-21
102489,2228,Crédito Pessoal,7798.76,18,693.46,0.0,0,Quitado,2024-06-07
102490,2229,Consignado,11177.28,24,624.95,8997.71,0,Em dia,2025-12-02
102491,2230,Refinanciamento,19142.44,36,943.42,7944.11,0,Em dia,2024-03-13
102492,2231,Crédito Pessoal,8824.66,24,670.99,3949.04,0,Em dia,2025-01-25
102493,2232,Refinanciamento,26141.84,36,1288.38,25009.03,0,Em dia,2026-04-20
102494,2233,Refinanciamento,5234.12,36,257.96,4893.9,0,Em dia,2026-03-20
102495,2234,Financiamento Veicular,67624.9,36,2739.08,45646.81,0,Em dia,2025-03-25
102496,2235,Crédito Pessoal,8633.17,24,656.43,0.0,0,Quitado,2024-05-02
102497,2236,Financiamento Veicular,35065.28,36,1420.28,31266.54,0,Em dia,2026-01-05
102498,2237,Crédito Pessoal,9193.51,18,817.49,5209.65,0,Em dia,2025-08-27
102499,2238,Crédito Pessoal,7558.51,18,672.1,7558.51,28,Atrasado,2026-06-10
102500,2239,Crédito Pessoal,2311.28,36,148.77,1560.11,0,Em dia,2025-03-14
102501,2240,Refinanciamento,14733.85,48,638.07,10184.77,0,Em dia,2024-11-10
102502,2241,Crédito Pessoal,6899.76,30,474.74,6720.37,26,atrasado,2026-05-30
102503,2242,Consignado,18192.09,60,588.58,16063.62,0,Em dia,2025-09-23
102504,2242,Crédito Pessoal,9739.71,24,740.57,2459.28,0,Em dia,2024-07-28
102505,2243,Financiamento Veicular,32193.27,60,971.52,25915.58,0,Em dia,2025-03-21
102506,2244,Refinanciamento,17683.88,36,871.53,14235.52,0,Em dia,2025-09-10
102507,2245,Crédito Pessoal,3497.14,36,225.1,3269.83,26,Atrasado,2026-03-26
102508,2246,Financiamento Veicular,60455.12,36,2448.67,34257.9,0,Em dia,2024-10-23
102509,2246,Financiamento Veicular,29759.0,60,898.06,18926.73,50,Inadimplente,2024-02-22
102510,2247,Financiamento Veicular,49193.94,48,1669.78,46795.74,0,Em dia,2026-03-03
102511,2248,Refinanciamento,23419.65,48,1014.22,14666.56,0,Em dia,2024-07-25
102512,2249,Consignado,34198.49,24,1912.13,0.0,0,Quitado,2024-04-24
102513,2250,Crédito Pessoal,12085.03,24,918.9,3051.47,119,Inadimplente,2024-07-02
102514,2251,Crédito Pessoal,6252.02,18,555.93,3813.73,0,Em dia,2025-09-28
102515,2252,Crédito Pessoal,20710.2,36,1333.04,15325.55,0,Em dia,2025-06-03
102516,2253,Crédito Pessoal,4660.92,36,300.01,3146.12,0,Em dia,2025-03-18
102517,2253,Crédito Pessoal,5929.48,18,527.25,0.0,0,Quitado,2024-12-25
102518,2254,Crédito Pessoal,24533.88,12,2846.65,0.0,0,Quitado,2024-02-15
102519,2255,Refinanciamento,21701.6,48,939.82,20643.65,0,Em dia,2026-03-18
102520,2256,Consignado,16841.84,48,606.41,10820.88,0,Em dia,2024-08-14
102521,2257,Crédito Pessoal,5012.55,18,445.72,1537.18,0,Em dia,2025-02-07
102522,2258,Crédito Pessoal,6548.82,24,497.94,0.0,0,Quitado,2024-05-24
102523,2259,Crédito Pessoal,19629.04,30,1350.58,11973.71,0,Em dia,2025-03-13
102524,2260,Consignado,17566.85,60,568.35,14826.42,0,Em dia,2025-06-26
102525,2261,Refinanciamento,27689.7,36,1364.66,18090.6,0,Em dia,2025-02-05
102526,2262,Crédito Pessoal,7042.24,18,626.2,0.0,0,Quitado,2024-05-29
102527,2263,Financiamento Veicular,34274.98,36,1388.27,18679.87,0,Em dia,2024-09-17
102528,2263,Financiamento Veicular,73351.24,36,2971.02,33619.32,0,Em dia,2024-05-11
102529,2264,Crédito Pessoal,7865.36,36,506.26,4627.45,0,Em dia,2024-11-08
102530,2265,Financiamento Veicular,37855.87,48,1284.93,22476.93,0,Em dia,2024-05-29
102531,2266,Financiamento Veicular,30935.49,60,933.56,29326.84,0,Em dia,2026-02-24
102532,2267,Financiamento Veicular,36764.51,36,1489.11,35967.95,0,Em dia,2026-05-10
102533,2268,Crédito Pessoal,6456.94,30,444.27,4274.5,0,Em dia,2025-05-23
102534,2269,Crédito Pessoal,6695.06,30,460.66,4258.06,0,Em dia,2025-04-05
102535,2270,Crédito Pessoal,12685.97,12,1471.94,4440.09,59,Inadimplente,2025-08-26
102536,2271,Financiamento Veicular,27471.12,60,829.02,20685.75,0,Em dia,2024-11-01
102537,2271,Crédito Pessoal,10313.77,24,784.22,7632.19,0,Em dia,2025-10-17
102538,2272,Financiamento Veicular,34186.07,48,1160.37,20853.5,0,Em dia,2024-06-18
102539,2273,Crédito Pessoal,10862.44,12,1260.36,10862.44,0,Em dia,2026-06-26
102540,2274,Financiamento Veicular,29704.75,48,1008.26,24877.73,0,Em dia,2025-08-30
102541,2275,Crédito Pessoal,4345.66,24,330.43,1520.98,0,Em dia,2024-10-11
102542,2276,Financiamento Veicular,49634.76,48,1684.74,32696.9,94,Inadimplente,2024-09-24
102543,2277,Refinanciamento,15260.29,36,752.09,9639.41,0,Em dia,2025-01-14
102544,2278,Refinanciamento,15024.59,24,935.62,0.0,0,Quitado,2024-02-07
102545,2278,Financiamento Veicular,19943.34,36,807.78,16486.49,0,Em dia,2025-10-01
102546,2279,Refinanciamento,22729.79,24,1415.45,5739.27,0,Em dia,2024-07-12
102547,2279,Consignado,11620.47,48,418.41,9920.98,0,Em dia,2025-09-07
102548,2280,Crédito Pessoal,7857.3,36,505.75,6154.88,0,Em dia,2025-08-13
102549,2281,Refinanciamento,7897.86,36,389.24,7213.38,0,Em dia,2026-02-07
102550,2281,Crédito Pessoal,16590.38,24,1261.46,8502.57,0,Em dia,2025-03-10
102551,2282,Crédito Pessoal,5743.45,12,666.41,0.0,0,Quitado,2024-02-02
102552,2283,Financiamento Veicular,37351.81,60,1127.19,27154.77,0,Em dia,2024-09-19
102553,2284,Crédito Pessoal,21797.94,36,1403.05,20381.07,0,Em dia,2026-03-28
102554,2285,Consignado,25683.11,24,1436.02,13997.3,80,Inadimplente,2025-04-05
102555,2286,refinanciamento,21650.29,48,937.6,17428.48,13,Atrasado,2025-06-19
102556,2287,Crédito Pessoal,23190.43,12,2690.77,14146.16,13,Atrasado,2025-12-29
102557,2288,Refinanciamento,36038.65,24,2244.23,29011.11,0,Em dia,2025-12-05
102558,2289,Crédito Pessoal,3023.94,30,208.06,2159.1,0,Em dia,2025-07-13
102559,2290,Consignado,18170.49,48,654.25,16694.13,56,Inadimplente,2026-01-10
102560,2291,Crédito Pessoal,22532.94,36,1450.36,0.0,0,Quitado,2024-05-04
102561,2292,Refinanciamento,29043.28,36,1431.37,14570.05,29,Atrasado,2024-07-31
102562,2293,Refinanciamento,20236.86,48,876.39,13002.18,0,Em dia,2024-08-19
102563,2294,Crédito Pessoal,6016.73,18,535.01,0.0,0,Quitado,2024-07-12
102564,2295,Crédito Pessoal,4911.55,36,316.14,3847.38,40,Inadimplente,2025-08-11
102565,2295,Consignado,16471.39,60,532.91,16043.13,0,Em dia,2026-04-16
102566,2296,Crédito Pessoal,4021.9,12,466.66,3760.48,0,Em dia,2026-05-13
102567,2297,Crédito Pessoal,8212.09,24,624.41,7411.41,0,Em dia,2026-03-17
102568,2298,Crédito Pessoal,5561.81,12,645.33,0.0,0,Quitado,2024-08-18
102569,2299,financiamento veicular,47735.55,60,1440.55,46494.43,0,Em dia,2026-04-22
102570,2300,Consignado,5969.07,36,253.4,2606.49,0,Em dia,2024-04-01
102571,2301,Financiamento Veicular,42973.09,48,1458.62,24816.96,48,Inadimplente,2024-04-04
102572,2302,Crédito Pessoal,12161.63,30,836.79,7102.39,0,Em dia,2025-02-11
102573,2303,Crédito Pessoal,5848.5,18,520.05,5341.63,87,Inadimplente,2026-04-11
102574,2304,Crédito Pessoal,5891.93,36,379.24,4232.37,0,Em dia,2025-05-10
102575,2305,Financiamento Veicular,36149.76,36,1464.21,16568.64,0,Em dia,2024-05-29
102576,2306,Crédito Pessoal,11625.0,12,1348.84,4824.38,0,Em dia,2025-09-24
102577,2307,Crédito Pessoal,3279.84,12,380.56,0.0,0,Quitado,2024-04-11
102578,2308,Crédito Pessoal,26812.26,30,1844.83,7292.94,0,Em dia,2024-02-12
102579,2309,Crédito Pessoal,3551.59,30,244.37,1981.79,0,Em dia,2025-01-19
102580,2310,Refinanciamento,17344.6,36,854.81,15465.6,0,Em dia,2026-01-22
102581,2311,Crédito Pessoal,3770.71,24,286.71,1319.75,0,Em dia,2024-10-10
102582,2312,Crédito Pessoal,9668.9,30,665.27,2629.94,89,Inadimplente,2024-02-06
102583,2313,Crédito Pessoal,3320.81,24,252.5,0.0,0,Quitado,2024-05-29
102584,2313,Crédito Pessoal,12541.8,36,807.27,9552.67,0,Em dia,2025-07-13
102585,2314,Financiamento Veicular,44612.66,48,1514.28,34463.28,0,Em dia,2025-04-07
102586,2315,Crédito Pessoal,3610.89,36,232.42,1889.7,0,Em dia,2024-08-19
102587,2315,Crédito Pessoal,5767.19,12,669.16,4642.59,0,Em dia,2026-03-05
102588,2316,Refinanciamento,11720.28,48,507.56,7530.28,0,Em dia,2024-08-07
102589,2317,Consignado,23344.25,60,755.27,15150.42,0,Em dia,2024-03-21
102590,2318,Crédito Pessoal,6491.7,18,577.24,2834.71,0,Em dia,2025-05-13
102591,2319,Crédito Pessoal,15265.23,18,1357.38,0.0,0,Quitado,2024-03-23
102592,2319,Crédito Pessoal,2406.86,12,279.27,2093.97,0,Em dia,2026-04-19
102593,2320,financiamento veicular,61606.78,48,2091.1,47591.24,0,Em dia,2025-04-19
102594,2321,Crédito Pessoal,8710.39,18,774.53,2293.74,0,Em dia,2025-01-27
102595,2322,Refinanciamento,27492.29,24,1712.02,15876.8,26,Atrasado,2025-05-23
102596,2322,Financiamento Veicular,39964.71,60,1206.04,29054.34,0,Em dia,2024-09-08
102597,2323,Financiamento Veicular,40885.01,36,1656.01,19624.8,0,Em dia,2024-06-11
102598,2324,Refinanciamento,24425.28,24,1521.03,19662.35,0,Em dia,2025-12-05
102599,2325,Crédito Pessoal,12825.05,36,825.5,6711.78,0,Em dia,2024-08-30
102600,2326,Crédito Pessoal,16925.83,36,1089.45,13625.29,28,Atrasado,2025-09-20
102601,2327,Crédito Pessoal,8491.47,24,645.66,4075.9,90,Inadimplente,2025-02-19
102602,2328,Financiamento Veicular,32841.84,36,1330.23,31418.69,0,Em dia,2026-04-09
102603,2329,Crédito Pessoal,10193.32,12,1182.72,10193.32,0,Em dia,2026-06-09
102604,2330,Consignado,17022.39,36,722.63,16284.76,133,Inadimplente,2026-04-19
102605,2331,Consignado,18987.85,60,614.32,16272.59,0,Em dia,2025-07-29
102606,2332,Crédito Pessoal,8003.13,24,608.52,0.0,0,Quitado,2024-04-12
102607,2333,Crédito Pessoal,5831.48,30,401.24,2344.26,0,Em dia,2024-07-23
102608,2334,Crédito Pessoal,12995.97,36,836.5,7082.8,0,Em dia,2024-09-06
102609,2335,Crédito Pessoal,3421.15,12,396.95,0.0,0,Quitado,2025-03-15
102610,2336,Financiamento Veicular,40253.59,60,1214.76,31880.84,0,Em dia,2025-02-14
102611,2337,Crédito Pessoal,8161.12,12,946.93,0.0,0,Quitado,2024-03-28
102612,2338,Crédito Pessoal,8495.59,30,584.54,6065.85,0,Em dia,2025-07-20
102613,2339,Crédito Pessoal,6531.92,30,449.43,1946.51,0,Em dia,2024-03-04
102614,2340,Crédito Pessoal,8325.35,12,965.98,2372.72,0,Em dia,2025-07-03
102615,2341,Crédito Pessoal,11519.6,24,875.9,0.0,0,Quitado,2024-05-29
102616,2342,Crédito Pessoal,12922.87,36,831.8,6762.97,0,Em dia,2024-08-28
102617,2343,Crédito Pessoal,9709.77,30,668.08,3650.87,0,Em dia,2024-06-07
102618,2344,Consignado,20629.8,36,875.77,13031.16,0,Em dia,2025-01-24
102619,2345,Consignado,17758.72,24,992.94,7369.87,0,Em dia,2024-12-07
102620,2346,Consignado,14880.04,36,631.68,6820.02,0,Em dia,2024-05-03
102621,2347,Refinanciamento,7606.36,48,329.4,4516.28,0,Em dia,2024-05-19
102622,2348,Consignado,26846.54,36,1139.68,22774.81,0,Em dia,2025-11-05
102623,2349,Consignado,11324.72,60,366.39,10146.95,0,Em dia,2025-10-01
102624,2350,Consignado,10454.9,24,584.56,3659.22,0,Em dia,2024-10-18
102625,2351,Crédito Pessoal,10868.64,18,966.44,0.0,0,Quitado,2025-05-15
102626,2352,Consignado,17701.43,48,637.36,16838.48,0,Em dia,2026-03-13
102627,2353,Crédito Pessoal,12089.08,30,831.79,9260.23,0,Em dia,2025-09-15
102628,2354,Financiamento Veicular,28301.98,36,1146.34,11745.32,0,Em dia,2024-03-18
102629,2355,Crédito Pessoal,6284.75,12,729.21,3425.19,0,Em dia,2025-11-22
102630,2356,Financiamento Veicular,22174.84,48,752.67,16409.38,0,Em dia,2025-02-15
102631,2357,Crédito Pessoal,3794.47,24,288.52,2067.98,57,Inadimplente,2025-04-17
102632,2357,Refinanciamento,8260.8,36,407.13,4323.15,67,Inadimplente,2024-08-09
102633,2358,Crédito Pessoal,10069.24,18,895.36,0.0,0,Quitado,2024-12-30
102634,2359,Consignado,16260.11,48,585.46,11768.25,0,Em dia,2025-01-06
102635,2359,Consignado,12653.95,60,409.4,11173.44,0,Em dia,2025-09-17
102636,2360,Financiamento Veicular,31156.92,60,940.25,26296.44,0,Em dia,2025-06-26
102637,2361,Financiamento Veicular,63494.83,36,2571.79,26350.35,0,Em dia,2024-03-13
102638,2362,Consignado,11205.84,36,475.71,9263.49,0,Em dia,2025-10-20
102639,2363,Crédito Pessoal,10021.89,24,762.02,0.0,0,Quitado,2024-04-09
102640,2364,Refinanciamento,12282.87,36,605.35,11218.35,0,Em dia,2026-02-06
102641,2365,Financiamento Veicular,42118.64,36,1705.97,35730.64,0,Em dia,2025-11-07
102642,2366,Consignado,11616.25,36,493.13,6330.85,0,Em dia,2024-09-28
102643,2367,Crédito Pessoal,8256.35,30,568.08,4607.04,0,Em dia,2025-01-18
102644,2368,Financiamento Veicular,37738.87,60,1138.87,35776.45,0,Em dia,2026-02-15
102645,2369,Crédito Pessoal,4419.12,12,512.75,0.0,0,Quitado,2025-01-23
102646,2370,Crédito Pessoal,9013.01,24,685.31,5790.86,51,Inadimplente,2025-07-29
102647,2371,Crédito Pessoal,5243.45,30,360.78,4970.79,0,Em dia,2026-04-18
102648,2372,Crédito Pessoal,4048.71,30,278.57,2364.45,0,Em dia,2025-02-27
102649,2373,Refinanciamento,35713.88,48,1546.64,33392.48,3,Atrasado,2026-02-14
102650,2374,Financiamento Veicular,29935.41,36,1212.5,24746.61,0,Em dia,2025-10-25
102651,2375,Crédito Pessoal,13577.35,36,873.92,7399.66,0,Em dia,2024-09-16
102652,2376,Crédito Pessoal,6715.66,30,462.07,4096.55,0,Em dia,2025-03-03
102653,2377,Refinanciamento,17106.17,24,1065.25,14326.41,0,Em dia,2026-01-02
102654,2378,Crédito Pessoal,13301.63,30,915.22,11918.26,0,Em dia,2026-02-22
102655,2379,Consignado,58455.43,24,3268.41,0.0,0,Quitado,2024-06-16
102656,2380,Crédito Pessoal,8488.99,18,754.84,3706.86,0,Em dia,2025-05-09
102657,2381,Consignado,7753.58,24,433.52,5485.66,0,Em dia,2025-09-27
102658,2382,Financiamento Veicular,23250.54,36,941.74,17709.16,0,Em dia,2025-07-13
102659,2383,Consignado,27030.27,60,874.52,22110.76,0,Em dia,2025-04-09
102660,2384,Crédito Pessoal,24709.06,36,1590.43,0.0,0,Quitado,2024-10-12
102661,2385,Refinanciamento,12275.15,48,531.59,10479.91,0,Em dia,2025-09-04
102662,2386,Consignado,13271.36,36,563.39,11833.63,0,Em dia,2026-01-09
102663,2387,Crédito Pessoal,8177.07,36,526.33,6936.88,0,Em dia,2025-11-22
102664,2388,Financiamento Veicular,35876.08,60,1082.66,23749.97,0,Em dia,2024-04-03
102665,2389,Refinanciamento,22727.44,48,984.24,20511.51,0,Em dia,2025-12-10
102666,2390,Consignado,27116.72,48,976.36,16981.85,0,Em dia,2024-07-03
102667,2391,Crédito Pessoal,22426.6,24,1705.22,20240.0,56,Inadimplente,2026-03-20
102668,2392,Financiamento Veicular,71468.62,60,2156.76,58461.33,0,Em dia,2025-04-27
102669,2393,Consignado,14300.3,60,462.66,12255.36,0,Em dia,2025-07-21
102670,2394,Consignado,9749.24,48,351.03,8006.56,0,Em dia,2025-07-19
102671,2395,Consignado,6399.96,60,207.06,5401.56,49,Inadimplente,2025-06-03
102672,2395,Crédito Pessoal,7485.0,30,515.01,5928.12,0,Em dia,2025-10-06
102673,2396,Crédito Pessoal,18744.39,36,1206.51,9403.43,0,Em dia,2024-07-09
102674,2397,Consignado,11593.72,48,417.44,10274.94,0,Em dia,2025-11-22
102675,2398,Financiamento Veicular,62442.22,36,2529.16,29972.27,0,Em dia,2024-06-19
102676,2399,Consignado,12538.82,24,701.08,11316.29,0,Em dia,2026-03-08
102677,2399,Crédito Pessoal,9285.09,36,597.65,8882.73,0,Em dia,2026-04-11
102678,2400,Crédito Pessoal,22222.38,18,1976.01,21259.41,0,Em dia,2026-05-31
102679,2400,Crédito Pessoal,9312.4,12,1080.51,0.0,0,Quitado,2024-09-06
102680,2401,Consignado,18051.98,60,584.04,17817.3,0,Em dia,2026-05-07
102681,2402,Consignado,5272.62,60,170.59,3284.84,0,Em dia,2024-01-15
102682,2403,Consignado,8035.65,36,341.13,4379.43,0,Em dia,2024-09-29
102683,2404,Consignado,15583.16,36,661.53,9843.36,0,Em dia,2025-01-19
102684,2405,Consignado,20044.37,24,1120.74,8969.85,0,Em dia,2025-01-04
102685,2405,Crédito Pessoal,5046.36,12,585.53,0.0,0,Quitado,2025-03-05
102686,2406,Refinanciamento,20087.97,24,1250.93,13559.38,0,Em dia,2025-08-25
102687,2407,Crédito Pessoal,8023.14,12,930.92,0.0,0,Quitado,2025-01-27
102688,2408,Financiamento Veicular,58476.51,36,2368.53,45806.6,47,Inadimplente,2025-08-19
102689,2409,Financiamento Veicular,16852.18,36,682.58,6628.52,142,Inadimplente,2024-02-08
102690,2410,Crédito Pessoal,10329.77,24,785.43,5294.01,0,Em dia,2025-03-19
102691,2411,Crédito Pessoal,20818.66,30,1432.44,17029.67,0,Em dia,2025-11-16
102692,2412,Crédito Pessoal,4198.44,36,270.24,4016.51,0,Em dia,2026-04-02
102693,2413,Crédito Pessoal,12642.79,24,961.3,8533.88,5,Atrasado,2025-08-04
102694,2413,Crédito Pessoal,12145.91,18,1080.01,7935.33,0,Em dia,2025-10-19
102695,2414,Crédito Pessoal,14425.92,18,1282.75,0.0,0,Quitado,2024-11-24
102696,2415,Crédito Pessoal,6198.39,12,719.19,4183.91,0,Em dia,2026-01-21
102697,2416,Crédito Pessoal,6449.25,12,748.3,1838.04,0,Em dia,2025-07-15
102698,2417,Financiamento Veicular,40771.48,36,1651.41,31937.66,0,Em dia,2025-08-28
102699,2418,Financiamento Veicular,38032.13,48,1290.91,26289.71,0,Em dia,2024-11-08
102700,2419,Consignado,23103.12,48,831.85,15594.6,0,Em dia,2024-10-13
102701,2420,Consignado,8778.59,48,316.08,6496.16,0,Em dia,2025-02-22
102702,2421,Consignado,12865.6,48,463.24,11611.2,0,Em dia,2025-12-17
102703,2422,Financiamento Veicular,50442.91,36,2043.14,20933.81,0,Em dia,2024-03-27
102704,2423,Refinanciamento,17755.69,48,768.94,17467.16,0,Em dia,2026-05-01
102705,2424,Consignado,13223.89,36,561.37,9499.16,18,Atrasado,2025-05-22
102706,2424,Crédito Pessoal,6494.69,24,493.83,2062.06,72,Inadimplente,2024-09-06
102707,2425,Financiamento Veicular,23739.87,60,716.42,23122.63,0,Em dia,2026-04-18
102708,2426,Consignado,7533.87,48,271.26,5207.79,0,Em dia,2024-11-25
102709,2427,Consignado,5665.7,60,183.3,3750.69,0,Em dia,2024-04-16
102710,2428,Crédito Pessoal,9255.12,36,595.72,5445.09,0,Em dia,2024-11-18
102711,2429,Crédito Pessoal,14611.05,36,940.46,14294.48,0,Em dia,2026-05-23
102712,2430,Consignado,11788.33,48,424.45,7765.56,0,Em dia,2024-09-24
102713,2431,Crédito Pessoal,12985.21,12,1506.66,0.0,0,Quitado,2024-09-14
102714,2432,Crédito Pessoal,7418.7,36,477.51,3400.24,0,Em dia,2024-05-16
102715,2433,Consignado,16233.66,36,689.14,7440.43,0,Em dia,2024-05-25
102716,2434,Crédito Pessoal,9124.16,24,693.76,3193.46,0,Em dia,2024-10-29
102717,2435,Financiamento Veicular,48814.96,36,1977.2,20258.21,0,Em dia,2024-03-09
102718,2436,Crédito Pessoal,9852.18,18,876.05,0.0,0,Quitado,2024-02-23
102719,2437,Crédito Pessoal,2959.14,24,225.0,1420.39,13,Atrasado,2025-02-25
102720,2438,Financiamento Veicular,40237.48,48,1365.77,23891.01,0,Em dia,2024-05-05
102721,2439,Crédito Pessoal,13243.07,12,1536.58,4635.07,0,Em dia,2025-08-11
102722,2440,Crédito Pessoal,13533.28,24,1029.01,10454.46,0,Em dia,2025-11-16
102723,2441,Crédito Pessoal,7244.9,24,550.87,2064.8,0,Em dia,2024-08-30
102724,2442,Financiamento Veicular,36225.04,48,1229.58,25629.21,0,Em dia,2024-12-04
102725,2443,Crédito Pessoal,6896.28,30,474.5,5461.85,0,Em dia,2025-10-25
102726,2444,Crédito Pessoal,6684.77,12,775.63,4512.22,0,Em dia,2026-01-10
102727,2445,Financiamento Veicular,26941.06,60,813.02,18885.68,0,Em dia,2024-07-23
102728,2445,Financiamento Veicular,34527.98,36,1398.52,14329.11,0,Em dia,2024-03-16
102729,2446,Crédito Pessoal,4830.26,36,310.91,4411.64,0,Em dia,2026-02-15
102730,2447,Consignado,11234.86,48,404.52,7035.83,0,Em dia,2024-07-19
102731,2448,Crédito Pessoal,6357.91,12,737.7,0.0,0,Quitado,2024-08-12
102732,2449,Consignado,22542.45,36,956.96,10331.96,0,Em dia,2024-05-23
102733,2449,Crédito Pessoal,12876.5,30,885.97,9528.61,0,Em dia,2025-08-24
102734,2450,Crédito Pessoal,17124.8,30,1178.28,12227.11,29,Atrasado,2025-07-07
102735,2451,Financiamento Veicular,41855.67,36,1695.32,28252.58,14,Atrasado,2025-03-18
102736,2452,Crédito Pessoal,14269.6,36,918.48,7776.93,0,Em dia,2024-09-15
102737,2453,Crédito Pessoal,6107.4,30,420.22,4837.06,0,Em dia,2025-10-15
102738,2454,Consignado,7684.6,48,276.69,6685.6,0,Em dia,2025-10-04
102739,2455,Crédito Pessoal,6439.36,24,489.62,5392.96,75,Inadimplente,2026-01-18
102740,2456,Financiamento Veicular,67022.13,60,2022.58,47853.8,0,Em dia,2024-08-12
102741,2457,Consignado,15783.07,36,670.02,8259.81,0,Em dia,2024-08-15
102742,2458,Consignado,22788.77,36,967.42,8469.83,0,Em dia,2024-01-20
102743,2459,Crédito Pessoal,2829.51,12,328.31,0.0,0,Quitado,2024-02-12
102744,2460,Financiamento Veicular,37816.84,36,1531.73,31261.92,0,Em dia,2025-10-08
102745,2461,Consignado,23509.7,24,1314.49,18161.24,0,Em dia,2025-11-14
102746,2462,Consignado,12091.07,60,391.19,8633.02,0,Em dia,2024-08-24
102747,2463,Consignado,27962.07,24,1563.44,24327.0,48,Inadimplente,2026-02-07
102748,2464,Refinanciamento,32480.32,36,1600.77,13479.33,0,Em dia,2024-03-05
102749,2465,Crédito Pessoal,6897.19,30,474.56,5462.58,0,Em dia,2025-10-16
102750,2466,Crédito Pessoal,11841.46,12,1373.95,0.0,0,Quitado,2025-10-26
102751,2467,Crédito Pessoal,7996.81,12,927.86,0.0,0,Quitado,2024-12-27
102752,2467,Financiamento Veicular,22970.25,48,779.67,22970.25,0,Em dia,2026-06-22
102753,2468,Crédito Pessoal,3481.21,36,224.07,2877.8,17,Atrasado,2025-10-22
102754,2468,Crédito Pessoal,14592.64,18,1297.58,5107.43,0,Em dia,2025-03-27
102755,2469,Refinanciamento,9806.25,48,424.67,8372.09,6,Atrasado,2025-09-16
102756,2470,Consignado,19137.32,36,812.41,8771.27,0,Em dia,2024-05-12
102757,2471,Refinanciamento,18433.76,24,1147.92,0.0,0,Quitado,2024-05-12
102758,2471,Financiamento Veicular,28371.41,60,856.18,19519.53,0,Em dia,2024-06-01
102759,2472,Crédito Pessoal,7015.18,12,813.97,3367.28,0,Em dia,2025-10-30
102760,2472,Crédito Pessoal,6248.26,12,724.98,0.0,0,Quitado,2024-12-28
102761,2473,Consignado,8377.51,60,271.04,7506.25,0,Em dia,2025-10-11
102762,2474,Crédito Pessoal,13204.89,24,1004.04,8054.98,58,Inadimplente,2025-06-16
102763,2475,Consignado,16596.66,48,597.58,13630.01,0,Em dia,2025-07-11
102764,2476,Consignado,12138.09,60,392.71,9771.16,0,Em dia,2025-03-04
102765,2477,Crédito Pessoal,5744.45,30,395.25,0.0,0,Quitado,2024-06-14
102766,2478,Crédito Pessoal,8446.6,24,642.24,3779.85,0,Em dia,2025-01-01
102767,2479,Consignado,6703.77,48,241.38,3544.62,0,Em dia,2024-01-03
102768,2480,Crédito Pessoal,8912.85,12,1034.15,0.0,0,Quitado,2024-01-18
102769,2481,Crédito Pessoal,24618.75,12,2856.49,21418.31,0,Em dia,2026-04-19
102770,2482,Crédito Pessoal,10023.99,36,645.21,7634.94,43,Inadimplente,2025-07-13
102771,2483,Crédito Pessoal,28972.81,12,3361.69,15790.18,0,Em dia,2025-11-18
102772,2484,Consignado,24026.03,60,777.32,18716.27,0,Em dia,2025-01-20
102773,2485,Financiamento Veicular,24643.91,60,743.7,24323.54,31,Inadimplente,2026-05-22
102774,2485,Crédito Pessoal,7812.96,24,594.06,5527.67,0,Em dia,2025-09-30
102775,2486,Crédito Pessoal,7330.61,18,651.84,5106.99,0,Em dia,2025-11-21
102776,2487,Financiamento Veicular,54131.1,48,1837.36,40936.65,56,Inadimplente,2025-03-28
102777,2488,Crédito Pessoal,6457.11,12,749.21,0.0,0,Quitado,2024-09-25
102778,2489,Financiamento Veicular,59534.23,60,1796.61,46377.16,102,Inadimplente,2025-01-27
102779,2490,Refinanciamento,13620.95,24,848.21,7866.1,0,Em dia,2025-05-07
102780,2491,Refinanciamento,20362.4,48,881.82,19369.73,0,Em dia,2026-03-02
102781,2492,Consignado,32958.56,60,1066.32,23532.41,0,Em dia,2024-08-21
102782,2493,Crédito Pessoal,4914.77,18,437.02,1720.17,0,Em dia,2025-03-05
102783,2494,Financiamento Veicular,42409.88,60,1279.83,31934.64,0,Em dia,2024-11-09
102784,2495,Financiamento Veicular,18599.54,48,631.32,15577.12,0,Em dia,2025-08-28
102785,2495,Financiamento Veicular,56217.22,60,1696.51,52563.1,0,Em dia,2026-01-29
102786,2496,Refinanciamento,11557.39,36,569.6,6799.6,0,Em dia,2024-11-25
102787,2497,Crédito Pessoal,24083.4,36,1550.16,18865.33,3,Atrasado,2025-08-05
102788,2498,Consignado,16846.1,60,545.03,12685.11,60,Inadimplente,2024-11-04
102789,2499,Crédito Pessoal,13111.06,30,902.11,8679.52,0,Em dia,2025-05-13
102790,2500,Crédito Pessoal,6772.61,18,602.22,5892.17,111,Inadimplente,2026-03-25
102791,2501,Financiamento Veicular,68199.95,36,2762.37,46034.96,0,Em dia,2025-03-09
102792,2502,Financiamento Veicular,34724.48,60,1047.91,32015.97,0,Em dia,2025-12-19
102793,2503,Consignado,5826.5,60,188.51,4993.31,0,Em dia,2025-07-01
102794,2504,Crédito Pessoal,6115.22,18,543.77,4525.27,0,Em dia,2025-12-20
102795,2505,Financiamento Veicular,26523.05,60,800.41,23419.85,0,Em dia,2025-09-22
102796,2506,Financiamento Veicular,64250.65,60,1938.94,49215.99,0,Em dia,2024-12-06
102797,2507,Consignado,17022.66,48,612.92,13703.24,0,Em dia,2025-06-05
102798,2508,Consignado,17368.74,36,737.33,13605.51,0,Em dia,2025-08-07
102799,2509,Consignado,36074.77,48,1298.91,26109.11,0,Em dia,2025-01-28
102800,2510,Consignado,9485.97,60,306.9,7142.93,0,Em dia,2024-11-24
102801,2511,Crédito Pessoal,7639.31,12,886.38,3666.87,50,Inadimplente,2025-10-27
102802,2512,Financiamento Veicular,38793.13,48,1316.75,31228.47,11,Atrasado,2025-06-16
102803,2513,Crédito Pessoal,8291.42,30,570.49,2686.42,139,Inadimplente,2024-04-05
102804,2514,Consignado,7943.94,36,337.23,6050.63,0,Em dia,2025-07-23
102805,2515,Refinanciamento,36392.52,36,1793.57,17468.41,0,Em dia,2024-06-03
102806,2516,Crédito Pessoal,7495.96,24,569.96,6765.1,0,Em dia,2026-03-04
102807,2517,Consignado,17761.86,48,639.53,12566.52,0,Em dia,2024-12-22
102808,2518,Refinanciamento,11974.37,48,518.57,6720.62,0,Em dia,2024-03-02
102809,2519,Crédito Pessoal,5362.26,18,476.81,0.0,0,Quitado,2024-06-18
102810,2520,Crédito Pessoal,5682.95,24,432.11,3651.29,0,Em dia,2025-07-13
102811,2521,Crédito Pessoal,5529.81,30,380.48,3373.18,0,Em dia,2025-03-31
102812,2522,Consignado,8928.77,36,379.04,5059.64,0,Em dia,2024-10-26
102813,2523,Financiamento Veicular,35390.08,36,1433.44,24655.09,0,Em dia,2025-04-12
102814,2524,Refinanciamento,8007.7,36,394.65,4190.69,0,Em dia,2024-08-07
102815,2524,Crédito Pessoal,3134.51,24,238.33,2217.67,0,Em dia,2025-09-13
102816,2525,Financiamento Veicular,66884.37,36,2709.08,30655.34,0,Em dia,2024-05-09
102817,2526,Refinanciamento,11163.13,36,550.17,9470.06,0,Em dia,2025-11-19
102818,2527,Crédito Pessoal,4387.4,30,301.88,3702.97,0,Em dia,2025-12-19
102819,2528,Crédito Pessoal,9733.35,12,1129.35,0.0,0,Quitado,2025-03-02
102820,2529,Crédito Pessoal,10073.19,12,1168.78,0.0,0,Quitado,2024-07-31
102821,2530,Financiamento Veicular,19357.14,60,584.15,17847.28,0,Em dia,2025-12-12
102822,2531,Consignado,14208.02,24,794.41,4049.28,0,Em dia,2024-08-15
102823,2531,Crédito Pessoal,10613.58,30,730.27,6474.29,9,Atrasado,2025-03-01
102824,2532,Crédito Pessoal,7071.18,12,820.46,0.0,0,Quitado,2024-11-08
102825,2533,Consignado,11045.4,60,357.36,10758.22,0,Em dia,2026-04-18
102826,2534,Consignado,12360.81,48,445.06,12360.81,0,Em dia,2026-06-21
102827,2535,Consignado,8129.93,60,263.03,7178.73,0,Em dia,2025-09-16
102828,2536,Crédito Pessoal,4948.99,24,376.3,0.0,0,Quitado,2024-03-27
102829,2537,Refinanciamento,12944.98,24,806.12,7475.73,0,Em dia,2025-05-25
102830,2538,Crédito Pessoal,16642.32,12,1931.0,0.0,0,Quitado,2024-02-18
102831,2539,Consignado,19003.68,24,1062.55,16533.2,0,Em dia,2026-02-20
102832,2540,Consignado,13339.95,24,745.87,4235.43,0,Em dia,2024-09-24
102833,2540,Financiamento Veicular,43450.79,48,1474.84,23680.68,8,Atrasado,2024-02-14
102834,2541,Crédito Pessoal,11186.87,24,850.6,0.0,0,Quitado,2024-01-16
102835,2542,Crédito Pessoal,8425.51,30,579.72,2510.8,0,Em dia,2024-03-25
102836,2543,Crédito Pessoal,7583.88,36,488.15,6269.34,0,Em dia,2025-10-16
102837,2544,Crédito Pessoal,9639.63,18,857.16,0.0,0,Quitado,2024-04-20
102838,2545,Consignado,20966.55,24,1172.3,0.0,0,Quitado,2024-06-12
102839,2546,Refinanciamento,17281.33,36,851.7,8295.04,0,Em dia,2024-06-21
102840,2547,Consignado,30824.51,48,1109.87,24813.73,0,Em dia,2025-06-26
102841,2548,Crédito Pessoal,3568.24,30,245.51,2826.05,0,Em dia,2025-10-29
102842,2549,Consignado,13597.05,48,489.58,8957.06,0,Em dia,2024-09-20
102843,2549,Crédito Pessoal,14160.04,36,911.43,10478.43,0,Em dia,2025-06-07
102844,2550,Financiamento Veicular,30995.5,48,1052.07,18403.58,0,em dia,2024-05-12
102845,2551,Crédito Pessoal,7852.23,18,698.22,4109.33,0,Em dia,2025-07-10
102846,2552,Crédito Pessoal,5020.0,18,446.38,4367.4,0,Em dia,2026-03-22
102847,2553,Financiamento Veicular,86121.13,36,3488.25,61863.68,0,Em dia,2025-05-14
102848,2554,Crédito Pessoal,8458.96,30,582.02,3620.43,0,Em dia,2024-08-17
102849,2555,Crédito Pessoal,11109.86,30,764.42,5621.59,9,Atrasado,2024-11-11
102850,2556,Refinanciamento,17612.68,24,1096.79,11316.15,0,Em dia,2025-07-17
102851,2557,Crédito Pessoal,6646.68,24,505.39,2758.37,0,Em dia,2024-12-31
102852,2558,Refinanciamento,10867.53,36,535.6,10396.61,0,Em dia,2026-04-06
102853,2558,Refinanciamento,18035.75,36,888.88,14518.78,0,Em dia,2025-09-07
102854,2559,Crédito Pessoal,12287.21,18,1092.58,8027.65,0,Em dia,2025-10-20
102855,2560,Consignado,27471.88,24,1536.03,9615.16,0,Em dia,2024-10-15
102856,2561,Crédito Pessoal,5728.7,12,664.7,0.0,0,Quitado,2024-04-27
102857,2561,Crédito Pessoal,6438.93,18,572.55,0.0,0,Quitado,2024-11-29
102858,2562,Financiamento Veicular,33473.28,48,1136.17,33473.28,0,Em dia,2026-06-26
102859,2563,Financiamento Veicular,72800.02,48,2471.03,62153.01,0,Em dia,2025-09-04
102860,2564,Financiamento Veicular,35098.19,36,1421.62,31295.88,0,Em dia,2026-01-28
102861,2565,Crédito Pessoal,15614.08,24,1187.23,14091.71,21,Atrasado,2026-03-15
102862,2566,Refinanciamento,34705.52,24,2161.21,0.0,0,Quitado,2024-02-28
102863,2567,Consignado,8973.35,24,501.73,6931.91,0,Em dia,2025-11-18
102864,2567,Crédito Pessoal,19790.17,36,1273.82,17646.23,42,Inadimplente,2026-01-27
102865,2568,Crédito Pessoal,11690.84,12,1356.48,0.0,0,Quitado,2025-03-16
102866,2568,Financiamento Veicular,46717.44,36,1892.24,39631.96,0,Em dia,2025-11-06
102867,2569,Consignado,22022.59,48,792.95,15580.98,0,Em dia,2024-12-17
102868,2570,Financiamento Veicular,59079.82,36,2392.97,47559.25,0,Em dia,2025-09-27
102869,2571,Crédito Pessoal,4069.95,12,472.23,0.0,0,Quitado,2024-09-04
102870,2572,Crédito Pessoal,6522.74,36,419.84,2989.59,0,Em dia,2024-05-02
102871,2573,Crédito Pessoal,13796.89,36,888.06,11405.43,0,Em dia,2025-10-17
102872,2574,Crédito Pessoal,5163.27,36,332.34,4044.56,15,Atrasado,2025-08-08
102873,2574,Consignado,20739.32,24,1159.59,9280.85,0,Em dia,2025-01-10
102874,2575,Consignado,15615.59,36,662.91,15277.25,0,Em dia,2026-05-13
102875,2575,Crédito Pessoal,8051.94,30,554.02,4283.63,0,Em dia,2024-12-28
102876,2576,Crédito Pessoal,5548.2,36,357.12,2663.14,0,Em dia,2024-06-17
102877,2577,Refinanciamento,14586.2,36,718.87,13322.06,0,Em dia,2026-02-04
102878,2578,Consignado,18857.66,60,610.11,15915.87,0,Em dia,2025-06-15
102879,2579,Crédito Pessoal,9723.84,12,1128.25,7827.69,0,Em dia,2026-03-23
102880,2580,Crédito Pessoal,4831.73,18,429.64,1900.48,0,Em dia,2025-04-19
102881,2581,Consignado,7679.36,24,429.37,0.0,0,Quitado,2024-06-24
102882,2582,Crédito Pessoal,4138.51,12,480.19,0.0,0,Quitado,2024-07-27
102883,2583,Financiamento Veicular,27638.15,48,938.11,27189.03,0,Em dia,2026-05-17
102884,2584,Crédito Pessoal,10192.57,36,656.06,6659.15,0,Em dia,2025-02-01
102885,2585,Refinanciamento,7963.59,24,495.92,5893.05,0,Em dia,2025-10-04
102886,2586,Financiamento Veicular,29984.63,48,1017.76,15854.37,0,Em dia,2024-01-22
102887,2587,Refinanciamento,9948.87,48,430.85,7362.16,0,Em dia,2025-02-16
102888,2588,Consignado,13176.88,48,474.45,10393.26,0,Em dia,2025-05-15
102889,2589,Consignado,16239.61,60,525.41,13495.12,0,Em dia,2025-05-24
102890,2590,Consignado,11536.58,60,373.25,10936.68,0,Em dia,2026-02-15
102891,2591,Financiamento Veicular,47924.76,60,1446.26,45432.67,0,Em dia,2026-02-22
102892,2591,Consignado,13405.29,36,569.08,11662.6,0,Em dia,2025-12-28
102893,2592,Refinanciamento,15775.93,48,683.2,15006.85,0,Em dia,2026-03-13
102894,2593,Consignado,8986.41,60,290.74,7701.35,0,Em dia,2025-07-04
102895,2594,Crédito Pessoal,10485.98,30,721.49,2579.55,0,Em dia,2024-01-21
102896,2595,Crédito Pessoal,11481.42,30,789.98,8496.25,0,Em dia,2025-08-23
102897,2596,Crédito Pessoal,8399.06,18,746.84,0.0,0,Quitado,2024-01-27
102898,2597,Refinanciamento,17485.15,36,861.74,8014.03,56,Inadimplente,2024-05-09
102899,2598,Refinanciamento,10551.42,24,657.07,0.0,0,Quitado,2024-05-10
102900,2599,Consignado,15236.86,60,492.96,9492.56,0,Em dia,2024-01-28
102901,2600,Financiamento Veicular,29534.9,60,891.3,26847.23,0,Em dia,2025-11-10
102902,2601,Crédito Pessoal,3648.67,36,234.85,1593.25,0,Em dia,2024-04-20
102903,2602,Financiamento Veicular,40244.53,36,1630.06,23677.2,0,Em dia,2024-11-04
102904,2603,Financiamento Veicular,51801.05,48,1758.27,30756.87,0,Em dia,2024-05-14
102905,2604,Financiamento Veicular,44152.9,60,1332.43,32673.14,84,Inadimplente,2024-10-02
102906,2605,Crédito Pessoal,4433.84,30,305.07,2474.08,79,Inadimplente,2025-01-07
102907,2606,Financiamento Veicular,29174.01,60,880.41,26898.44,0,Em dia,2025-12-16
102908,2607,Consignado,8275.37,36,351.3,5944.48,0,Em dia,2025-05-21
102909,2608,Financiamento Veicular,43075.53,36,1744.73,33742.5,31,Inadimplente,2025-08-04
102910,2609,Financiamento Veicular,68312.91,36,2766.95,49071.44,16,Atrasado,2025-05-11
102911,2610,Refinanciamento,17224.9,48,745.95,10787.09,0,Em dia,2024-07-31
102912,2611,Refinanciamento,25041.17,24,1559.38,13647.44,43,Inadimplente,2025-04-11
102913,2612,Crédito Pessoal,21684.78,36,1395.77,15107.06,47,Inadimplente,2025-04-02
102914,2613,Crédito Pessoal,16014.57,18,1424.01,0.0,0,Quitado,2024-08-29
102915,2614,Refinanciamento,12971.3,36,639.28,7069.36,66,Inadimplente,2024-09-14
102916,2615,Consignado,15619.37,36,663.07,7158.88,0,Em dia,2024-05-16
102917,2616,Consignado,16907.02,36,717.73,9580.65,0,Em dia,2024-10-15
102918,2617,Consignado,16838.06,24,941.46,6440.56,0,Em dia,2024-11-10
102919,2618,Financiamento Veicular,28310.57,48,960.94,27390.48,0,Em dia,2026-04-14
102920,2619,Crédito Pessoal,13841.21,36,890.91,12041.86,0,Em dia,2025-12-08
102921,2620,Consignado,10694.84,48,385.08,7566.6,23,Atrasado,2024-12-10
102922,2621,Financiamento Veicular,20333.39,36,823.58,11522.25,82,Inadimplente,2024-10-11
102923,2622,Financiamento Veicular,55534.57,60,1675.91,41817.53,0,Em dia,2024-11-02
102924,2623,Consignado,17317.34,24,968.26,7186.7,111,Inadimplente,2024-12-29
102925,2624,Crédito Pessoal,4881.88,36,314.23,2766.4,83,Inadimplente,2024-10-01
102926,2625,Consignado,20204.87,48,727.5,11668.31,0,Em dia,2024-04-02
102927,2626,Refinanciamento,11399.95,24,709.91,6953.97,0,Em dia,2025-06-04
102928,2627,Financiamento Veicular,34705.85,48,1178.01,32449.97,119,Inadimplente,2026-02-19
102929,2628,Consignado,16271.31,60,526.43,11406.19,0,Em dia,2024-07-18
102930,2629,Consignado,11287.94,48,406.43,9270.22,0,Em dia,2025-07-12
102931,2630,Financiamento Veicular,59637.63,36,2415.56,50592.59,0,Em dia,2025-11-10
102932,2631,Consignado,17782.04,24,994.24,0.0,0,Quitado,2024-01-06
102933,2632,Crédito Pessoal,3475.27,24,264.24,1103.4,0,Em dia,2024-09-02
102934,2633,Crédito Pessoal,9568.07,36,615.86,6043.83,0,Em dia,2025-01-07
102935,2634,Financiamento Veicular,34357.54,60,1036.83,34357.54,0,Em dia,2026-06-02
102936,2635,Crédito Pessoal,22341.33,18,1986.59,0.0,0,Quitado,2025-05-22
102937,2636,Financiamento Veicular,54782.65,36,2218.92,44100.03,0,Em dia,2025-09-20
102938,2637,Financiamento Veicular,31762.92,36,1286.53,21439.97,0,Em dia,2025-03-03
102939,2638,Crédito Pessoal,14028.22,18,1247.39,7341.44,0,Em dia,2025-07-31
102940,2639,Financiamento Veicular,34983.17,36,1416.96,33467.23,0,Em dia,2026-04-16
102941,2640,Financiamento Veicular,52939.68,60,1597.6,46745.74,0,Em dia,2025-09-17
102942,2641,Crédito Pessoal,13273.24,24,1009.24,5508.39,0,Em dia,2024-12-23
102943,2642,Crédito Pessoal,5647.3,24,429.4,3261.31,19,Atrasado,2025-05-24
102944,2643,Consignado,12844.13,60,415.55,8168.87,0,Em dia,2024-02-23
102945,2644,Financiamento Veicular,31233.92,60,942.57,30827.87,0,Em dia,2026-05-24
102946,2645,Crédito Pessoal,9636.22,24,732.7,2433.15,0,Em dia,2024-07-11
102947,2646,Crédito Pessoal,12460.35,24,947.43,10435.55,0,Em dia,2026-01-24
102948,2647,Consignado,13392.4,24,748.81,8169.37,0,Em dia,2025-06-30
102949,2648,Crédito Pessoal,6430.73,36,413.92,3644.08,0,Em dia,2024-10-19
102950,2649,Crédito Pessoal,11347.23,12,1316.61,0.0,0,Quitado,2025-05-17
102951,2650,Crédito Pessoal,9589.32,12,1112.64,9589.32,0,Em dia,2026-06-25
102952,2651,Crédito Pessoal,8096.78,24,615.65,0.0,0,Quitado,2024-06-27
102953,2651,Crédito Pessoal,9753.54,30,671.1,3413.74,0,Em dia,2024-05-16
102954,2652,Financiamento Veicular,20542.04,36,832.03,19206.8,0,Em dia,2026-03-03
102955,2653,Crédito Pessoal,13623.41,36,876.89,9195.8,0,Em dia,2025-03-27
102956,2654,Financiamento Veicular,32552.46,48,1104.92,30436.55,62,Inadimplente,2026-02-14
102957,2655,Crédito Pessoal,11763.15,30,809.37,4728.79,0,Em dia,2024-07-17
102958,2656,Crédito Pessoal,6182.43,30,425.38,3128.31,0,Em dia,2024-11-03
102959,2657,Financiamento Veicular,66715.85,48,2264.52,38528.4,127,Inadimplente,2024-04-09
102960,2658,Financiamento Veicular,35606.64,36,1442.21,18634.14,0,Em dia,2024-08-08
102961,2659,Crédito Pessoal,6259.62,30,430.7,3167.37,0,Em dia,2024-11-25
102962,2660,Crédito Pessoal,11129.16,12,1291.31,0.0,0,Quitado,2025-04-15
102963,2661,Crédito Pessoal,3859.54,30,265.56,1150.14,0,Em dia,2024-03-16
102964,2662,Crédito Pessoal,11373.17,30,782.54,7824.74,46,Inadimplente,2025-06-26
102965,2663,Refinanciamento,8901.42,36,438.7,3308.36,0,em dia,2024-01-09
102966,2664,Crédito Pessoal,11213.89,30,771.58,7423.59,0,Em dia,2025-05-28
102967,2665,Crédito Pessoal,8800.37,18,782.53,2698.78,0,Em dia,2025-02-23
102968,2666,Refinanciamento,9802.1,36,483.09,7890.69,0,Em dia,2025-09-27
102969,2666,Refinanciamento,12601.31,24,784.72,3181.83,0,Em dia,2024-07-06
102970,2667,Crédito Pessoal,16344.55,36,1052.04,6428.86,0,Em dia,2024-02-11
102971,2668,Consignado,19696.28,60,637.24,19184.18,60,Inadimplente,2026-04-24
102972,2669,Refinanciamento,13428.85,24,836.25,0.0,0,Quitado,2024-04-18
102973,2670,Crédito Pessoal,4635.26,24,352.45,0.0,0,Quitado,2024-06-11
102974,2671,Crédito Pessoal,16367.36,36,1053.51,7501.71,0,Em dia,2024-05-04
102975,2672,Refinanciamento,18671.12,48,808.58,16243.88,53,Inadimplente,2025-10-29
102976,2672,Financiamento Veicular,43137.5,36,1747.24,24444.58,0,Em dia,2024-10-26
102977,2673,Financiamento Veicular,43952.03,60,1326.37,35381.39,0,Em dia,2025-03-06
102978,2674,Financiamento Veicular,30532.36,36,1236.68,18624.74,0,Em dia,2024-12-16
102979,2675,Financiamento Veicular,27958.35,36,1132.43,27958.35,0,Em dia,2026-06-15
102980,2676,Refinanciamento,20227.69,24,1259.64,0.0,0,Quitado,2024-02-08
102981,2676,Financiamento Veicular,54592.24,36,2211.2,42763.92,0,Em dia,2025-08-17
102982,2677,Crédito Pessoal,6147.62,24,467.44,0.0,0,Quitado,2024-02-05
102983,2678,Consignado,15642.85,24,874.64,5983.39,132,Inadimplente,2024-11-29
102984,2679,Crédito Pessoal,10846.93,18,964.51,3796.43,0,Em dia,2025-03-22
102985,2680,Financiamento Veicular,58172.34,60,1755.51,37753.85,0,Em dia,2024-03-26
102986,2681,Crédito Pessoal,4939.75,18,439.24,2585.13,55,Inadimplente,2025-07-10
102987,2682,Crédito Pessoal,9045.64,12,1049.56,0.0,0,Quitado,2025-06-28
102988,2683,Crédito Pessoal,7349.12,18,653.48,6075.27,0,Em dia,2026-02-05
102989,2684,Refinanciamento,18601.97,48,805.59,13765.46,0,Em dia,2025-02-23
102990,2685,Consignado,20245.9,24,1132.01,13665.98,22,Atrasado,2025-08-24
102991,2686,Crédito Pessoal,16522.91,18,1469.22,0.0,0,Quitado,2024-08-26
102992,2687,Crédito Pessoal,10476.52,24,796.59,0.0,0,Quitado,2024-02-20
102993,2688,Consignado,10705.03,24,598.55,10705.03,58,Inadimplente,2026-06-06
102994,2689,Crédito Pessoal,10233.99,24,778.15,8903.57,15,Atrasado,2026-02-23
102995,2690,Financiamento Veicular,37554.87,36,1521.12,18840.03,56,Inadimplente,2024-07-06
102996,2691,Consignado,12633.75,60,408.74,10498.64,0,Em dia,2025-05-27
102997,2692,Refinanciamento,10646.72,48,461.07,10300.7,0,Em dia,2026-04-10
102998,2693,Financiamento Veicular,39551.89,48,1342.5,36981.02,0,Em dia,2026-02-09
102999,2694,Consignado,10090.58,24,564.19,5499.37,0,Em dia,2025-04-30
103000,2694,Crédito Pessoal,6160.17,12,714.76,0.0,0,Quitado,2025-04-15
103001,2695,Crédito Pessoal,5541.79,18,492.78,4821.36,0,Em dia,2026-03-08
103002,2696,Crédito Pessoal,9900.93,30,681.24,0.0,0,Quitado,2024-07-07
103003,2697,Crédito Pessoal,5713.38,36,367.75,5218.22,0,Em dia,2026-02-10
103004,2698,consignado,9960.87,36,422.85,5860.31,0,Em dia,2024-11-03
103005,2699,Crédito Pessoal,11612.99,12,1347.45,0.0,0,Quitado,2025-04-11
103006,2700,Crédito Pessoal,21139.38,36,1360.66,11520.96,0,Em dia,2024-09-24
103007,2701,Crédito Pessoal,3114.28,18,276.92,0.0,0,Quitado,2024-07-26
103008,2702,Crédito Pessoal,17192.72,24,1307.26,9370.03,0,Em dia,2025-04-27
103009,2703,Consignado,26378.27,36,1119.8,10946.98,0,Em dia,2024-03-22
103010,2704,Crédito Pessoal,23437.02,24,1782.05,14296.58,0,Em dia,2025-06-01
103011,2705,Refinanciamento,21510.65,48,931.55,20112.46,0,Em dia,2026-02-19
103012,2706,Crédito Pessoal,15465.07,12,1794.4,7423.23,0,Em dia,2025-10-11
103013,2707,Consignado,7794.9,60,252.19,7592.23,0,Em dia,2026-04-21
103014,2708,Financiamento Veicular,43952.05,60,1326.37,31381.77,0,Em dia,2024-08-04
103015,2709,Crédito Pessoal,5261.99,24,400.1,2696.77,99,Inadimplente,2025-03-28
103016,2709,Consignado,14086.92,36,598.01,11950.41,0,Em dia,2025-11-26
103017,2710,Financiamento Veicular,35783.14,60,1079.85,24153.62,0,Em dia,2024-05-13
103018,2711,Crédito Pessoal,14354.3,24,1091.44,14354.3,0,Em dia,2026-06-30
103019,2712,Crédito Pessoal,4521.83,24,343.82,3640.07,0,Em dia,2025-12-12
103020,2713,Consignado,11595.17,60,375.14,10690.74,0,Em dia,2025-12-07
103021,2714,Crédito Pessoal,28797.42,18,2560.66,0.0,0,Quitado,2024-05-08
103022,2715,Consignado,25849.21,36,1097.34,0.0,0,Quitado,2024-04-14
103023,2716,Crédito Pessoal,10307.44,30,709.21,9503.46,0,Em dia,2026-03-17
103024,2717,Refinanciamento,21147.42,24,1316.91,20460.13,0,Em dia,2026-05-18
103025,2718,Consignado,14498.95,48,522.05,10022.4,0,Em dia,2024-11-09
103026,2719,Refinanciamento,9790.47,24,609.68,7881.33,0,Em dia,2025-12-08
103027,2720,Refinanciamento,32751.39,48,1418.35,32751.39,54,Inadimplente,2026-06-04
103028,2721,Consignado,7815.15,48,281.39,6418.19,0,Em dia,2025-07-02
103029,2721,Consignado,16211.13,48,583.7,12259.67,0,Em dia,2025-03-06
103030,2722,Financiamento Veicular,37413.84,48,1269.93,21606.5,0,Em dia,2024-04-16
103031,2723,Crédito Pessoal,12068.4,12,1400.29,0.0,0,Quitado,2024-05-21
103032,2724,Financiamento Veicular,14782.63,60,446.11,11131.32,0,Em dia,2024-11-20
103033,2725,Crédito Pessoal,5260.93,24,400.02,3209.17,0,Em dia,2025-06-29
103034,2726,Consignado,5410.57,48,194.81,5410.57,0,Em dia,2026-06-20
103035,2727,Crédito Pessoal,6941.78,24,527.82,6264.95,0,Em dia,2026-03-27
103036,2728,Refinanciamento,9587.19,48,415.19,9587.19,0,Em dia,2026-06-08
103037,2729,Crédito Pessoal,10226.38,30,703.63,5972.21,0,Em dia,2025-02-10
103038,2730,Financiamento Veicular,39605.45,48,1344.32,39605.45,38,Inadimplente,2026-06-09
103039,2731,Financiamento Veicular,35656.3,48,1210.27,29862.15,0,Em dia,2025-08-09
103040,2732,Consignado,11341.72,60,366.94,10457.07,0,Em dia,2025-12-06
103041,2733,Financiamento Veicular,19102.76,36,773.74,11238.79,0,Em dia,2024-11-03
103042,2734,Crédito Pessoal,10716.44,30,737.35,4865.26,0,Em dia,2024-09-24
103043,2735,Crédito Pessoal,4763.54,18,423.57,0.0,0,Quitado,2024-03-02
103044,2736,Consignado,8967.32,48,322.88,8530.16,0,Em dia,2026-03-23
103045,2737,Financiamento Veicular,29149.35,36,1180.67,11465.41,14,Atrasado,2024-02-04
103046,2738,Consignado,12304.48,60,398.09,8945.36,0,Em dia,2024-09-28
103047,2739,Financiamento Veicular,42674.67,60,1287.82,27695.86,0,Em dia,2024-03-05
103048,2740,Consignado,8690.46,36,368.92,4736.3,0,Em dia,2024-09-09
103049,2741,Crédito Pessoal,10898.43,12,1264.54,8773.24,0,Em dia,2026-03-02
103050,2742,Refinanciamento,18641.91,36,918.75,8140.3,0,Em dia,2024-04-04
103051,2743,Consignado,34916.57,48,1257.21,20164.32,10,Atrasado,2024-04-20
103052,2744,Crédito Pessoal,10304.66,36,663.27,10081.39,0,Em dia,2026-05-08
103053,2745,Consignado,18352.24,48,660.79,15370.0,0,Em dia,2025-08-14
103054,2746,Refinanciamento,7208.17,24,448.87,6973.9,25,Atrasado,2026-05-08
103055,2747,Financiamento Veicular,42367.21,48,1438.06,27220.93,0,Em dia,2024-08-05
103056,2748,Financiamento Veicular,35262.09,48,1196.89,20936.86,0,Em dia,2024-05-30
103057,2749,Crédito Pessoal,11086.74,36,713.61,6522.7,0,Em dia,2024-11-23
103058,2750,Crédito Pessoal,13077.33,24,994.35,6277.12,0,Em dia,2025-02-13
103059,2750,Consignado,13158.54,36,558.6,6316.1,0,Em dia,2024-06-07
103060,2751,Crédito Pessoal,6508.13,24,494.85,4816.01,0,Em dia,2025-10-27
103061,2752,Financiamento Veicular,36746.35,48,1247.27,23609.53,0,Em dia,2024-08-08
103062,2753,Financiamento Veicular,31097.48,60,938.45,23416.4,0,Em dia,2024-11-18
103063,2753,Refinanciamento,18484.73,48,800.51,13077.95,0,Em dia,2024-12-10
103064,2754,Consignado,18328.15,36,778.06,8003.29,0,Em dia,2024-04-29
103065,2755,Consignado,18270.91,48,657.86,12926.67,0,Em dia,2024-12-09
103066,2756,Crédito Pessoal,5937.19,24,451.44,4007.6,0,Em dia,2025-08-29
103067,2757,Crédito Pessoal,8110.78,24,616.71,0.0,0,Quitado,2024-06-11
103068,2758,Crédito Pessoal,5916.28,24,449.85,4762.61,0,Em dia,2025-12-07
103069,2759,Crédito Pessoal,6134.13,24,466.41,0.0,0,Quitado,2024-02-28
103070,2760,Crédito Pessoal,10986.1,24,835.34,8129.71,0,Em dia,2025-10-22
103071,2761,Refinanciamento,31388.99,24,1954.68,30368.85,41,Inadimplente,2026-05-08
103072,2762,Crédito Pessoal,7919.89,24,602.2,2257.17,0,Em dia,2024-08-29
103073,2763,Financiamento Veicular,57524.3,36,2329.96,51292.5,115,Inadimplente,2026-01-21
103074,2764,Consignado,10541.5,36,447.5,8714.31,0,Em dia,2025-10-15
103075,2765,Financiamento Veicular,30296.97,48,1028.36,17004.18,0,Em dia,2024-03-07
103076,2765,Crédito Pessoal,10662.08,12,1237.11,0.0,0,Quitado,2024-11-06
103077,2766,Consignado,14553.17,48,524.0,10769.35,0,Em dia,2025-02-19
103078,2767,Refinanciamento,26785.07,36,1320.08,12276.49,0,Em dia,2024-05-09
103079,2768,Financiamento Veicular,25693.58,36,1040.69,19013.25,0,Em dia,2025-06-05
103080,2769,Crédito Pessoal,6007.77,36,386.7,3794.91,7,Atrasado,2025-01-04
103081,2770,Refinanciamento,21220.43,24,1321.46,10185.81,0,Em dia,2025-02-01
103082,2771,Refinanciamento,20981.68,36,1034.06,14162.63,0,Em dia,2025-03-30
103083,2772,Crédito Pessoal,3046.3,30,209.6,1224.61,0,Em dia,2024-07-22
103084,2772,Financiamento Veicular,36665.72,36,1485.11,19188.4,56,Inadimplente,2024-08-07
103085,2773,Consignado,7160.64,24,400.37,5997.04,0,Em dia,2026-01-21
103086,2774,Crédito Pessoal,14201.79,30,977.16,5339.87,0,Em dia,2024-06-16
103087,2775,Financiamento Veicular,21831.13,48,741.01,17219.31,0,Em dia,2025-05-23
103088,2775,Crédito Pessoal,3883.34,24,295.27,1232.96,0,Em dia,2024-09-22
103089,2776,Refinanciamento,9457.85,36,466.12,8023.41,109,Inadimplente,2025-11-07
103090,2777,Financiamento Veicular,57069.16,48,1937.08,43158.56,0,Em dia,2025-03-16
103091,2778,Crédito Pessoal,25629.9,30,1763.48,24963.52,0,Em dia,2026-05-17
103092,2779,Consignado,20953.26,60,677.91,19591.3,0,Em dia,2026-01-04
103093,2780,Refinanciamento,35914.46,24,2236.5,30078.36,30,Atrasado,2026-01-30
103094,2781,Consignado,9469.64,24,529.47,7623.06,0,Em dia,2025-12-10
103095,2782,Crédito Pessoal,3410.5,12,395.72,0.0,0,Quitado,2024-09-01
103096,2783,Crédito Pessoal,9145.45,24,695.38,7064.86,61,Inadimplente,2025-11-22
103097,2784,Financiamento Veicular,26223.69,60,791.37,20087.35,0,Em dia,2024-12-24
103098,2785,Crédito Pessoal,2118.16,18,188.35,0.0,0,Quitado,2024-06-27
103099,2786,Refinanciamento,8508.36,48,368.47,4637.05,0,Em dia,2024-02-24
103100,2787,Financiamento Veicular,39922.28,48,1355.07,28893.75,26,Atrasado,2025-01-28
103101,2788,Crédito Pessoal,5117.13,30,352.09,4185.82,0,Em dia,2025-11-24
103102,2789,Financiamento Veicular,46114.6,48,1565.26,30377.99,0,Em dia,2024-09-04
103103,2790,Consignado,11509.5,24,643.53,11135.44,0,Em dia,2026-05-21
103104,2790,Consignado,6386.47,48,229.95,3480.63,0,Em dia,2024-02-25
103105,2791,Consignado,21630.12,24,1209.4,0.0,0,Quitado,2024-02-18
103106,2792,Crédito Pessoal,4260.65,18,378.86,0.0,0,Quitado,2024-06-18
103107,2793,Consignado,12990.1,60,420.27,8430.58,0,Em dia,2024-03-28
103108,2794,Crédito Pessoal,15715.34,30,1081.3,8360.56,0,Em dia,2024-12-02
103109,2794,Financiamento Veicular,19694.42,60,594.33,17902.23,0,Em dia,2025-11-17
103110,2795,Consignado,5473.88,24,306.06,1915.86,0,Em dia,2024-10-30
103111,2796,Consignado,16252.19,48,585.18,10177.93,0,Em dia,2024-07-06
103112,2797,Consignado,5576.96,36,236.75,3764.45,0,Em dia,2025-03-02
103113,2798,Crédito Pessoal,9905.15,24,753.15,7007.89,0,Em dia,2025-09-29
103114,2799,Crédito Pessoal,11404.89,12,1323.3,0.0,0,Quitado,2024-07-07
103115,2800,Crédito Pessoal,9228.58,30,634.98,4189.77,0,Em dia,2024-09-05
103116,2801,Consignado,34480.76,36,1463.76,17297.85,0,Em dia,2024-07-15
103117,2802,Consignado,8216.1,60,265.82,5652.68,0,Em dia,2024-06-23
103118,2803,Crédito Pessoal,53046.39,36,3414.4,40403.67,0,Em dia,2025-07-13
103119,2803,Crédito Pessoal,5191.67,18,461.64,5191.67,29,Atrasado,2026-06-27
103120,2804,Financiamento Veicular,59196.21,60,1786.41,37648.79,0,Em dia,2024-02-04
103121,2805,Financiamento Veicular,30051.45,60,906.88,21456.73,0,Em dia,2024-08-17
103122,2806,Crédito Pessoal,5235.61,36,337.0,2626.53,0,Em dia,2024-07-05
103123,2807,Crédito Pessoal,9042.84,30,622.2,4575.68,0,Em dia,2024-11-05
103124,2808,Crédito Pessoal,9168.1,24,697.1,4102.72,32,Inadimplente,2025-01-18
103125,2809,Financiamento Veicular,30251.06,48,1026.8,25335.26,37,Inadimplente,2025-08-18
103126,2810,Consignado,22069.77,36,936.9,12028.02,0,Em dia,2024-09-03
103127,2811,Consignado,12234.22,24,684.05,0.0,0,Quitado,2024-04-27
103128,2812,Consignado,10192.1,24,569.87,0.0,0,Quitado,2024-03-18
103129,2813,Refinanciamento,7608.33,36,374.97,6124.7,0,Em dia,2025-09-30
103130,2814,Financiamento Veicular,44258.27,48,1502.25,39223.9,0,Em dia,2025-11-15
103131,2815,Consignado,7966.99,48,286.86,4989.33,0,Em dia,2024-07-04
103132,2816,Crédito Pessoal,6961.71,24,529.34,2436.6,0,Em dia,2024-10-14
103133,2817,Financiamento Veicular,23507.07,60,709.39,17700.82,0,Em dia,2024-11-03
103134,2818,Crédito Pessoal,15678.21,12,1819.13,0.0,0,Quitado,2024-08-11
103135,2819,Crédito Pessoal,13957.68,12,1619.5,0.0,0,Quitado,2024-10-25
103136,2820,financiamento veicular,34259.98,48,1162.88,18114.97,0,Em dia,2024-01-28
103137,2821,Financiamento Veicular,20543.14,36,832.08,17427.43,0,Em dia,2025-11-24
103138,2822,Consignado,46161.97,36,1959.65,24158.1,0,Em dia,2024-08-15
103139,2823,Consignado,20628.17,24,1153.38,13253.6,0,Em dia,2025-07-23
103140,2824,Crédito Pessoal,6156.93,30,423.63,4396.05,0,Em dia,2025-07-10
103141,2825,Refinanciamento,22486.63,36,1108.23,10306.37,0,Em dia,2024-05-06
103142,2826,Crédito Pessoal,5939.36,36,382.29,5295.93,0,Em dia,2026-01-26
103143,2826,Crédito Pessoal,10292.21,30,708.16,6813.44,0,Em dia,2025-05-12
103144,2827,Refinanciamento,12022.36,48,520.65,9091.91,0,Em dia,2025-03-15
103145,2828,Refinanciamento,13290.74,24,827.65,0.0,0,Quitado,2024-06-06
103146,2829,Consignado,10934.36,24,611.37,0.0,0,Quitado,2024-02-02
103147,2830,Consignado,10241.46,24,572.63,8577.22,0,Em dia,2026-01-13
103148,2830,Crédito Pessoal,8492.61,18,755.16,0.0,0,Quitado,2024-07-18
103149,2831,Consignado,7511.49,48,270.46,5802.63,0,Em dia,2025-04-07
103150,2832,Consignado,14895.15,48,536.31,13684.92,0,Em dia,2026-01-01
103151,2833,Financiamento Veicular,24167.07,48,820.3,23381.64,0,Em dia,2026-04-17
103152,2834,Financiamento Veicular,54432.28,48,1847.58,32319.16,0,Em dia,2024-05-01
103153,2835,Consignado,11723.73,48,422.12,10771.18,0,Em dia,2026-01-11
103154,2836,Consignado,19796.21,60,640.47,19281.51,22,Atrasado,2026-04-25
103155,2837,Consignado,28935.27,60,936.15,22164.42,0,Em dia,2024-12-27
103156,2838,Consignado,6875.34,60,222.44,4551.47,0,Em dia,2024-04-08
103157,2839,Crédito Pessoal,5613.03,36,361.29,3667.18,97,Inadimplente,2025-02-01
103158,2840,Financiamento Veicular,39203.74,36,1587.91,26462.53,0,Em dia,2025-03-10
103159,2841,Financiamento Veicular,15905.01,60,479.98,14250.88,0,Em dia,2025-10-10
103160,2842,Consignado,10332.99,48,372.05,5463.57,53,Inadimplente,2024-01-10
103161,2843,Consignado,18112.29,48,652.15,13403.09,0,Em dia,2025-02-15
103162,2844,Consignado,23514.06,48,846.65,19310.92,28,Atrasado,2025-07-09
103163,2845,Crédito Pessoal,6143.58,36,395.44,5211.8,0,Em dia,2025-11-19
103164,2846,Refinanciamento,7058.42,24,439.55,5682.03,0,Em dia,2025-12-30
103165,2847,Consignado,21391.94,60,692.1,20835.75,0,Em dia,2026-04-27
103166,2848,Crédito Pessoal,10596.01,36,682.03,7152.31,0,Em dia,2025-03-12
103167,2849,Crédito Pessoal,4251.39,24,323.26,2869.69,0,Em dia,2025-08-20
103168,2850,Financiamento Veicular,35985.1,60,1085.95,30839.23,108,Inadimplente,2025-07-10
103169,2850,Consignado,11015.83,60,356.4,9010.95,0,Em dia,2025-04-05
103170,2851,Consignado,9420.04,60,304.77,8072.98,0,Em dia,2025-07-28
103171,2852,Crédito Pessoal,11175.0,24,849.7,10811.81,0,Em dia,2026-05-12
103172,2853,Crédito Pessoal,10966.51,24,833.85,3838.28,0,Em dia,2024-10-13
103173,2854,Crédito Pessoal,8621.39,24,655.53,3297.68,0,Em dia,2024-11-23
103174,2855,Crédito Pessoal,16234.43,12,1883.67,0.0,0,Quitado,2025-01-20
103175,2856,Crédito Pessoal,7235.98,18,643.42,0.0,0,Quitado,2024-08-26
103176,2857,Financiamento Veicular,34341.39,36,1390.96,34341.39,0,Em dia,2026-06-16
103177,2858,Consignado,13556.83,24,758.0,4304.29,0,Em dia,2024-09-16
103178,2858,Financiamento Veicular,38522.02,60,1162.51,27504.72,0,Em dia,2024-08-23
103179,2859,Crédito Pessoal,8445.52,12,979.93,7896.56,0,Em dia,2026-05-27
103180,2860,Consignado,21493.39,48,773.89,15555.84,0,Em dia,2025-01-04
103181,2861,Financiamento Veicular,45142.65,48,1532.27,40741.24,0,Em dia,2025-12-09
103182,2862,Crédito Pessoal,7230.62,24,549.79,2765.71,0,Em dia,2024-11-23
103183,2863,Consignado,14068.39,60,455.16,11325.06,0,Em dia,2025-03-28
103184,2864,Crédito Pessoal,6681.84,12,775.29,0.0,0,Quitado,2025-01-25
103185,2865,Financiamento Veicular,39053.31,48,1325.58,23187.9,0,Em dia,2024-05-11
103186,2866,Crédito Pessoal,3874.78,18,344.55,0.0,0,Quitado,2024-06-08
103187,2866,Financiamento Veicular,78065.29,36,3161.96,42545.58,0,Em dia,2024-09-05
103188,2867,Financiamento Veicular,30755.4,48,1043.92,20759.9,0,Em dia,2024-10-19
103189,2868,Financiamento Veicular,26102.43,48,885.99,16346.65,0,Em dia,2024-07-16
103190,2869,Crédito Pessoal,8550.29,30,588.31,4548.75,0,Em dia,2024-12-22
103191,2870,Refinanciamento,36511.54,36,1799.44,17525.54,0,Em dia,2024-06-14
103192,2871,Consignado,13063.62,48,470.37,12426.77,0,Em dia,2026-03-11
103193,2872,Consignado,16345.2,60,528.82,12307.94,0,Em dia,2024-11-10
103194,2873,Crédito Pessoal,5164.14,18,459.19,4716.58,130,Inadimplente,2026-04-06
103195,2874,Consignado,8651.48,36,367.27,6214.64,0,Em dia,2025-05-25
103196,2875,Crédito Pessoal,4986.44,18,443.39,1745.25,0,Em dia,2025-03-08
103197,2876,Refinanciamento,19165.92,24,1193.52,6085.18,0,Em dia,2024-09-14
103198,2877,Financiamento Veicular,47917.09,48,1626.44,32344.04,0,em dia,2024-10-31
103199,2878,Crédito Pessoal,16835.62,36,1083.65,13552.67,0,Em dia,2025-09-16
103200,2878,Financiamento Veicular,29945.38,36,1212.91,15022.6,0,Em dia,2024-07-23
103201,2879,Financiamento Veicular,35784.58,60,1079.9,32528.19,40,Inadimplente,2025-11-02
103202,2880,Credito Pessoal,7818.0,18,695.18,0.0,0,Quitado,2024-10-19
103203,2881,Financiamento Veicular,65040.16,48,2207.64,42845.21,13,Atrasado,2024-09-18
103204,2881,Consignado,9837.88,48,354.22,8399.09,66,Inadimplente,2025-09-07
103205,2882,Crédito Pessoal,4084.95,36,262.93,2491.82,0,Em dia,2024-12-25
103206,2883,Crédito Pessoal,6453.64,30,444.05,3768.93,0,Em dia,2025-02-25
103207,2884,Crédito Pessoal,6480.36,18,576.23,3391.39,0,Em dia,2025-07-06
103208,2885,Consignado,35575.38,36,1510.23,17846.98,0,Em dia,2024-07-17
103209,2886,Consignado,7575.76,24,423.58,7575.76,0,Em dia,2026-06-28
103210,2887,Crédito Pessoal,16274.87,36,1047.55,6401.45,0,Em dia,2024-02-15
103211,2888,Consignado,13152.74,48,473.58,8664.37,0,Em dia,2024-09-17
103212,2889,Crédito Pessoal,8154.86,36,524.9,5504.53,0,Em dia,2025-03-04
103213,2890,Crédito Pessoal,6777.14,30,466.3,1843.38,0,Em dia,2024-02-13
103214,2891,Consignado,10009.34,48,360.4,9846.69,0,Em dia,2026-05-22
103215,2891,Consignado,14067.74,60,455.14,10227.24,0,Em dia,2024-09-09
103216,2892,Consignado,22286.17,24,1246.08,7075.86,0,em dia,2024-09-14
103217,2893,Consignado,8994.86,48,323.87,7971.7,0,Em dia,2025-11-16
103218,2894,Crédito Pessoal,5377.72,24,408.9,3105.63,0,Em dia,2025-05-03
103219,2895,Refinanciamento,7195.69,48,311.62,4155.51,0,Em dia,2024-04-22
103220,2896,Financiamento Veicular,38221.52,48,1297.34,35737.12,80,Inadimplente,2026-02-23
103221,2896,Consignado,24684.11,48,888.78,18667.36,0,Em dia,2025-03-21
103222,2897,Consignado,14937.92,36,634.14,12025.02,0,Em dia,2025-09-27
103223,2898,Crédito Pessoal,4458.86,24,339.03,0.0,0,Quitado,2024-06-02
103224,2899,Consignado,10775.87,48,388.0,5872.85,0,Em dia,2024-02-17
103225,2900,Financiamento Veicular,30833.57,48,1046.58,29330.43,0,Em dia,2026-03-11
103226,2900,Crédito Pessoal,11204.71,18,996.32,0.0,0,Quitado,2024-11-07
103227,2901,Crédito Pessoal,4431.46,24,336.95,0.0,0,Quitado,2024-05-27
103228,2902,Financiamento Veicular,39348.57,36,1593.77,27412.84,0,Em dia,2025-04-12
103229,2903,Refinanciamento,26050.87,36,1283.9,13633.29,34,Inadimplente,2024-08-28
103230,2904,Consignado,20642.97,24,1154.21,19972.08,0,Em dia,2026-05-26
103231,2905,Financiamento Veicular,41670.09,48,1414.4,28804.45,0,Em dia,2024-11-06
103232,2906,Crédito Pessoal,22016.36,24,1674.03,0.0,0,Quitado,2024-01-10
103233,2907,Refinanciamento,17494.28,48,757.62,12092.92,0,Em dia,2024-11-21
103234,2908,Consignado,13269.18,24,741.92,12837.94,0,Em dia,2026-05-07
103235,2908,Financiamento Veicular,20622.68,60,622.35,14992.69,0,Em dia,2024-09-04
103236,2909,Crédito Pessoal,29054.68,18,2583.54,21500.47,0,Em dia,2025-12-24
103237,2910,Financiamento Veicular,35191.8,36,1425.41,16892.06,0,Em dia,2024-06-26
103238,2911,Crédito Pessoal,8968.5,18,797.48,0.0,0,Quitado,2024-07-02
103239,2911,Financiamento Veicular,38430.84,36,1556.6,19279.47,53,Inadimplente,2024-07-14
103240,2912,Crédito Pessoal,11693.66,18,1039.8,0.0,0,Quitado,2024-12-23
103241,2913,Consignado,11849.91,48,426.67,8576.37,0,Em dia,2025-01-30
103242,2914,Refinanciamento,22576.74,24,1405.92,13771.81,0,Em dia,2025-06-20
103243,2915,Consignado,9901.73,60,320.35,7970.9,0,Em dia,2025-03-31
103244,2916,Consignado,10420.78,60,337.15,7034.02,0,Em dia,2024-05-23
103245,2917,Crédito Pessoal,14743.49,36,948.98,5799.1,17,Atrasado,2024-02-10
103246,2918,Refinanciamento,16443.29,48,712.1,16176.09,0,Em dia,2026-05-09
103247,2919,Crédito Pessoal,4657.59,18,414.15,2437.47,59,Inadimplente,2025-07-09
103248,2920,Crédito Pessoal,5870.0,30,403.89,1901.88,38,Inadimplente,2024-04-21
103249,2921,Financiamento Veicular,27191.02,48,922.94,24098.04,0,Em dia,2025-11-17
103250,2922,Crédito Pessoal,9526.35,30,655.46,0.0,0,Quitado,2024-04-15
103251,2923,Consignado,9050.9,60,292.83,7403.64,0,Em dia,2025-04-17
103252,2924,Crédito Pessoal,8124.65,18,722.44,4251.9,20,Atrasado,2025-07-05
103253,2925,Consignado,14303.74,36,607.22,12134.34,0,Em dia,2025-11-04
103254,2926,Consignado,31323.58,60,1013.42,19514.59,0,Em dia,2024-01-10
103255,2927,Consignado,68843.72,60,2227.33,49154.41,0,Em dia,2024-08-24
103256,2928,Refinanciamento,19713.43,24,1227.61,13306.56,0,Em dia,2025-08-20
103257,2929,Consignado,20792.95,24,1162.59,12683.7,104,Inadimplente,2025-06-15
103258,2929,Financiamento Veicular,40727.75,36,1649.64,22196.62,0,Em dia,2024-09-23
103259,2930,Consignado,9550.21,60,308.98,8681.14,0,Em dia,2025-11-24
103260,2931,Refinanciamento,21482.76,24,1337.79,5424.4,0,Em dia,2024-07-22
103261,2932,Crédito Pessoal,10576.46,24,804.19,7482.85,0,Em dia,2025-09-03
103262,2933,Consignado,36435.84,48,1311.91,33475.43,24,Atrasado,2026-01-09
103263,2933,Crédito Pessoal,11200.62,18,995.96,8288.46,0,em dia,2025-12-28
103264,2934,Refinanciamento,21163.6,24,1317.92,21163.6,0,Em dia,2026-06-22
103265,2935,Crédito Pessoal,7189.43,12,834.18,2048.99,0,Em dia,2025-07-02
103266,2936,Consignado,22867.16,24,1278.57,5773.96,0,Em dia,2024-07-01
103267,2936,Crédito Pessoal,22189.67,12,2574.65,10651.04,0,Em dia,2025-10-17
103268,2937,Consignado,17731.1,48,638.43,11104.1,0,Em dia,2024-07-07
103269,2937,Crédito Pessoal,7357.69,30,506.25,2766.49,0,Em dia,2024-06-21
103270,2938,Refinanciamento,24767.0,48,1072.57,18327.58,56,Inadimplente,2025-02-05
103271,2938,Financiamento Veicular,54376.74,60,1640.97,33876.71,46,Inadimplente,2024-01-15
103272,2939,Financiamento Veicular,26010.52,36,1053.53,23192.72,0,Em dia,2026-01-12
103273,2940,Consignado,10242.78,24,572.7,4583.64,0,Em dia,2025-01-08
103274,2941,Crédito Pessoal,9038.41,36,581.77,6492.59,0,Em dia,2025-05-08
103275,2942,Crédito Pessoal,8044.29,12,933.37,8044.29,0,Em dia,2026-06-20
103276,2943,Financiamento Veicular,50697.38,36,2053.45,48500.5,0,Em dia,2026-04-10
103277,2944,Financiamento Veicular,68341.2,48,2319.69,56125.21,0,Em dia,2025-07-19
103278,2945,Crédito Pessoal,8473.88,36,545.43,4251.06,20,Atrasado,2024-07-30
103279,2946,Financiamento Veicular,51558.99,36,2088.35,50441.88,0,Em dia,2026-05-27
103280,2947,Financiamento Veicular,39671.1,48,1346.55,26777.99,0,Em dia,2024-10-05
103281,2948,Consignado,15953.97,36,677.27,9040.58,0,Em dia,2024-10-04
103282,2948,Consignado,14635.95,60,473.52,10069.54,0,Em dia,2024-06-14
103283,2949,Consignado,8210.92,60,265.65,6823.28,0,Em dia,2025-05-30
103284,2949,Crédito Pessoal,3762.43,12,436.55,0.0,0,Quitado,2024-11-23
103285,2950,Consignado,8414.88,24,470.5,0.0,0,Quitado,2024-05-23
103286,2951,Crédito Pessoal,7331.49,18,651.92,0.0,0,Quitado,2024-02-17
103287,2952,Consignado,9925.99,24,554.99,7990.42,0,Em dia,2025-12-14
103288,2953,Consignado,20239.39,60,654.81,19976.28,0,Em dia,2026-05-24
103289,2953,Crédito Pessoal,15728.52,18,1398.58,0.0,0,Quitado,2024-09-05
103290,2954,Consignado,24986.13,48,899.65,13617.44,0,Em dia,2024-02-12
103291,2955,Crédito Pessoal,3175.36,24,241.44,0.0,0,Quitado,2024-01-05
103292,2956,Refinanciamento,10838.09,36,534.15,8489.84,0,Em dia,2025-08-05
103293,2957,Crédito Pessoal,8163.61,12,947.22,2857.26,0,Em dia,2025-08-16
103294,2958,Refinanciamento,25979.02,24,1617.79,19224.47,0,Em dia,2025-10-19
103295,2959,Crédito Pessoal,4411.44,30,303.53,1544.01,0,Em dia,2024-05-26
103296,2960,Refinanciamento,17868.72,24,1112.74,0.0,0,Quitado,2024-02-28
103297,2961,Crédito Pessoal,4171.68,18,370.95,0.0,0,Quitado,2024-04-16
103298,2962,Financiamento Veicular,33301.91,48,1130.36,18690.7,103,Inadimplente,2024-03-13
103299,2963,Financiamento Veicular,25014.18,60,754.87,24038.63,0,Em dia,2026-03-27
103300,2964,Financiamento Veicular,35102.93,48,1191.49,28828.28,0,Em dia,2025-07-25
103301,2965,Consignado,11545.97,24,645.57,7793.53,0,Em dia,2025-08-24
103302,2966,Crédito Pessoal,18657.21,24,1418.62,15019.06,58,Inadimplente,2025-12-04
103303,2967,Refinanciamento,18040.64,24,1123.44,14522.71,26,Atrasado,2025-12-05
103304,2968,Refinanciamento,20607.49,36,1015.62,12124.08,0,Em dia,2024-11-05
103305,2969,Consignado,16629.51,60,538.02,14683.86,0,Em dia,2025-09-04
103306,2970,Refinanciamento,23118.53,48,1001.18,20864.48,0,Em dia,2025-12-13
103307,2971,Consignado,11569.18,48,416.56,11381.18,0,Em dia,2026-05-20
103308,2971,Crédito Pessoal,15405.39,36,991.59,11066.21,0,Em dia,2025-05-31
103309,2972,Consignado,15117.4,60,489.1,12759.09,0,Em dia,2025-06-11
103310,2973,Consignado,14432.78,24,806.98,12087.45,0,Em dia,2026-01-16
103311,2974,Consignado,17366.56,36,737.24,14356.36,0,Em dia,2025-10-23
103312,2975,Financiamento Veicular,54944.81,48,1864.98,31730.63,0,Em dia,2024-04-26
103313,2976,Crédito Pessoal,2793.82,30,192.23,1776.87,0,Em dia,2025-04-19
103314,2977,Consignado,18050.92,48,649.94,16290.95,0,Em dia,2025-12-24
103315,2978,Financiamento Veicular,25701.56,48,872.38,24866.26,0,Em dia,2026-04-22
103316,2978,Financiamento Veicular,38323.85,60,1156.53,32843.54,44,Inadimplente,2025-07-22
103317,2979,Crédito Pessoal,6178.1,12,716.84,2162.34,0,Em dia,2025-08-03
103318,2980,Refinanciamento,22876.17,36,1127.43,10980.56,0,Em dia,2024-06-09
103319,2981,Financiamento Veicular,26983.58,48,915.9,21721.78,0,Em dia,2025-06-04
103320,2981,Consignado,11742.14,48,422.79,6781.08,0,Em dia,2024-04-29
103321,2982,Consignado,13233.91,36,561.8,7212.48,0,Em dia,2024-09-11
103322,2983,Crédito Pessoal,5137.89,12,596.15,3134.11,0,Em dia,2025-12-31
103323,2984,Crédito Pessoal,5397.44,36,347.41,2473.83,0,Em dia,2024-05-29
103324,2985,Crédito Pessoal,4555.42,12,528.56,0.0,0,Quitado,2024-02-15
103325,2986,Financiamento Veicular,33256.98,36,1347.04,26051.3,0,Em dia,2025-08-09
103326,2987,Crédito Pessoal,19910.76,18,1770.46,19910.76,0,Em dia,2026-06-05
103327,2988,Crédito Pessoal,20094.06,12,2331.5,18787.95,37,Inadimplente,2026-05-12
103328,2989,Crédito Pessoal,12372.27,36,796.36,9691.61,0,Em dia,2025-08-17
103329,2990,Refinanciamento,33534.24,36,1652.71,21182.46,42,Inadimplente,2025-01-03
103330,2991,Consignado,15462.52,24,864.55,0.0,0,Quitado,2024-02-24
103331,2992,Financiamento Veicular,35695.47,48,1211.6,25834.6,0,Em dia,2025-01-19
103332,2993,Crédito Pessoal,8523.38,30,586.45,6307.3,44,Inadimplente,2025-08-09
103333,2994,Crédito Pessoal,14812.78,24,1126.3,0.0,0,Quitado,2024-03-24
103334,2995,Refinanciamento,24767.45,48,1072.59,21145.21,0,Em dia,2025-09-04
103335,2996,Refinanciamento,9003.1,36,443.71,5491.89,0,Em dia,2024-12-07
103336,2997,Consignado,12267.35,24,685.9,0.0,0,Quitado,2024-03-10
103337,2998,Crédito Pessoal,12655.98,18,1125.37,0.0,0,Quitado,2024-02-13
103338,2999,Consignado,14974.41,48,539.17,11811.07,0,Em dia,2025-05-05
103339,3000,Consignado,25596.9,36,1086.63,9513.51,0,Em dia,2024-01-31
103340,3001,Crédito Pessoal,16092.23,24,1223.59,0.0,0,Quitado,2024-02-01
103341,3002,Financiamento Veicular,43047.84,48,1461.16,29756.82,0,Em dia,2024-11-29
103342,3003,Consignado,7427.75,60,240.31,6172.46,0,Em dia,2025-05-01
103343,3004,Consignado,15884.19,24,888.13,11238.06,0,Em dia,2025-09-08
103344,3005,Crédito Pessoal,17720.44,24,1347.39,12537.21,0,Em dia,2025-09-03
103345,3006,Crédito Pessoal,5553.04,36,357.43,2785.77,0,Em dia,2024-07-14
103346,3006,Consignado,18911.22,48,680.92,17374.69,0,Em dia,2026-01-19
103347,3007,Consignado,7757.89,60,250.99,7556.18,0,Em dia,2026-04-09
103348,3008,Crédito Pessoal,8486.06,18,754.58,0.0,0,Quitado,2024-05-18
103349,3009,Financiamento Veicular,22475.17,60,678.25,21598.63,0,Em dia,2026-03-16
103350,3010,Crédito Pessoal,5752.75,18,511.53,0.0,0,Quitado,2024-06-20
103351,3011,Consignado,15374.01,48,553.56,10627.29,0,Em dia,2024-11-05
103352,3011,Consignado,8643.27,36,366.92,3774.23,0,Em dia,2024-04-30
103353,3012,Crédito Pessoal,12758.94,36,821.25,6124.29,0,Em dia,2024-06-02
103354,3013,Financiamento Veicular,47919.38,36,1940.93,23001.3,0,Em dia,2024-06-14
103355,3014,Consignado,13129.9,36,557.39,11423.02,0,Em dia,2025-12-19
103356,3015,Consignado,16576.9,48,596.87,15499.4,0,Em dia,2026-02-07
103357,3016,Consignado,11043.36,24,617.47,3506.27,0,Em dia,2024-09-13
103358,3017,Consignado,9051.88,60,292.86,5874.67,0,Em dia,2024-03-30
103359,3018,Financiamento Veicular,48328.2,48,1640.39,31050.87,58,Inadimplente,2024-08-01
103360,3019,Credito Pessoal,4044.37,30,278.27,2046.45,0,Em dia,2024-11-28
103361,3020,Crédito Pessoal,4947.89,36,318.48,2803.8,0,Em dia,2024-10-15
103362,3021,Consignado,25809.59,60,835.03,24467.49,0,Em dia,2026-02-06
103363,3022,Consignado,32747.98,60,1059.51,26787.85,0,Em dia,2025-04-04
103364,3023,Financiamento Veicular,61128.14,48,2074.86,59141.48,108,Inadimplente,2026-04-13
103365,3024,Crédito Pessoal,6801.97,30,468.01,3972.35,0,Em dia,2025-02-27
103366,3025,Crédito Pessoal,9857.96,24,749.56,6654.12,0,Em dia,2025-08-14
103367,3026,Crédito Pessoal,3675.65,24,279.48,928.1,0,Em dia,2024-07-10
103368,3027,Financiamento Veicular,78698.47,48,2671.24,59515.72,0,Em dia,2025-03-18
103369,3028,Crédito Pessoal,10585.67,30,728.35,6182.03,52,Inadimplente,2025-02-20
103370,3029,Crédito Pessoal,3891.32,24,295.88,3006.05,0,Em dia,2025-11-16
103371,3030,Consignado,13707.8,60,443.49,13173.19,0,Em dia,2026-03-14
103372,3030,Crédito Pessoal,7081.5,12,821.66,5240.31,100,Inadimplente,2026-02-18
103373,3031,Consignado,11419.89,24,638.52,0.0,0,Quitado,2024-04-02
103374,3032,Crédito Pessoal,16461.7,18,1463.77,0.0,0,quitado,2024-06-14
103375,3032,Crédito Pessoal,8089.71,24,615.11,6512.21,0,Em dia,2025-12-18
103376,3033,Crédito Pessoal,22583.16,30,1553.84,6729.78,0,Em dia,2024-03-25
103377,3034,Financiamento Veicular,29854.64,60,900.95,24032.99,0,Em dia,2025-03-12
103378,3035,Crédito Pessoal,6764.65,30,465.44,5885.24,0,Em dia,2026-01-26
103379,3035,Consignado,24852.11,24,1389.55,0.0,0,Quitado,2024-05-22
103380,3036,Crédito Pessoal,5351.52,12,620.93,0.0,0,Quitado,2024-11-05
103381,3037,Financiamento Veicular,59453.31,60,1794.17,51724.38,10,Atrasado,2025-08-17
103382,3038,Crédito Pessoal,10268.98,12,1191.5,0.0,0,Quitado,2024-10-14
103383,3039,Financiamento Veicular,37553.1,48,1274.65,34501.91,0,Em dia,2026-01-16
103384,3040,Refinanciamento,15628.45,24,973.23,6485.81,0,Em dia,2024-12-02
103385,3041,Crédito Pessoal,5895.79,24,448.29,4937.72,0,Em dia,2026-01-22
103386,3042,Crédito Pessoal,13162.35,24,1000.81,0.0,0,Quitado,2024-05-18
103387,3043,Consignado,7780.48,36,330.29,3566.05,0,Em dia,2024-05-10
103388,3044,Crédito Pessoal,10300.61,24,783.22,6618.14,18,Atrasado,2025-07-20
103389,3045,Crédito Pessoal,5619.54,12,652.03,0.0,0,Quitado,2024-11-14
103390,3045,Financiamento Veicular,25021.48,60,755.09,15588.38,0,Em dia,2024-01-06
103391,3046,Crédito Pessoal,3058.14,12,354.83,0.0,0,Quitado,2024-03-21
103392,3047,Refinanciamento,15137.44,48,655.55,10709.74,0,Em dia,2024-12-11
103393,3048,Crédito Pessoal,5988.92,24,455.37,0.0,0,Quitado,2024-12-08
103394,3048,Crédito Pessoal,14099.13,12,1635.91,11349.8,57,Inadimplente,2026-03-26
103395,3049,Crédito Pessoal,2555.93,30,175.86,828.12,0,Em dia,2024-04-18
103396,3050,Consignado,8300.73,24,464.12,8030.96,7,Atrasado,2026-05-31
103397,3051,Financiamento Veicular,37503.42,60,1131.77,29215.16,0,Em dia,2025-01-20
103398,3052,Refinanciamento,9579.47,48,414.85,5376.48,0,Em dia,2024-03-16
103399,3053,Credito Pessoal,7164.03,30,492.92,6232.71,0,Em dia,2026-01-08
103400,3053,Crédito Pessoal,28748.89,24,2185.94,0.0,0,Quitado,2025-01-11
103401,3054,Refinanciamento,23521.58,36,1159.24,11290.36,0,Em dia,2024-06-22
103402,3055,Financiamento Veicular,44224.85,48,1501.11,37038.31,0,Em dia,2025-08-23
103403,3055,Consignado,11513.15,48,414.54,10951.88,0,Em dia,2026-03-09
103404,3056,Crédito Pessoal,4358.85,24,331.43,1525.6,0,Em dia,2024-10-24
103405,3057,Crédito Pessoal,4122.63,24,313.47,0.0,0,Quitado,2024-04-21
103406,3058,Refinanciamento,32085.8,48,1389.52,23222.1,0,Em dia,2025-01-02
103407,3059,Crédito Pessoal,6031.74,24,458.63,3875.39,0,Em dia,2025-07-21
103408,3060,Crédito Pessoal,4388.57,30,301.96,3019.34,0,Em dia,2025-06-19
103409,3061,Consignado,17257.1,36,732.59,10152.93,0,Em dia,2024-11-14
103410,3062,Crédito Pessoal,5339.5,24,405.99,4124.77,33,Inadimplente,2025-11-27
103411,3063,Crédito Pessoal,4111.42,18,365.59,1617.16,0,Em dia,2025-04-11
103412,3064,Financiamento Veicular,32860.93,36,1331.0,25741.06,0,Em dia,2025-08-20
103413,3065,Financiamento Veicular,50716.28,60,1530.5,42145.23,0,Em dia,2025-05-09
103414,3066,Crédito Pessoal,20754.66,36,1335.9,9962.24,63,Inadimplente,2024-06-25
103415,3067,Crédito Pessoal,5053.16,18,449.33,4396.25,0,Em dia,2026-03-09
103416,3068,Refinanciamento,6898.68,48,298.76,6450.27,61,Inadimplente,2026-02-17
103417,3069,Consignado,15110.16,36,641.45,12163.68,0,Em dia,2025-09-08
103418,3070,Consignado,29170.27,36,1238.32,18425.89,0,Em dia,2025-01-01
103419,3071,Consignado,19451.97,24,1087.61,10601.33,35,Inadimplente,2025-04-28
103420,3072,Consignado,5666.5,36,240.55,4315.98,0,Em dia,2025-07-05
103421,3073,Crédito Pessoal,3504.56,12,406.63,0.0,0,Quitado,2024-06-11
103422,3074,Consignado,11728.01,36,497.87,4613.02,0,Em dia,2024-02-13
103423,3075,Financiamento Veicular,37038.58,60,1117.74,25001.04,0,Em dia,2024-05-08
103424,3075,Financiamento Veicular,39551.61,60,1193.58,31324.87,0,Em dia,2025-02-12
103425,3076,Crédito Pessoal,19389.58,12,2249.76,16868.93,0,Em dia,2026-04-20
103426,3077,Financiamento Veicular,55842.9,36,2261.86,54632.97,0,Em dia,2026-05-19
103427,3077,Refinanciamento,25217.14,48,1092.07,20709.58,0,Em dia,2025-07-22
103428,3078,consignado,10986.38,36,466.39,7415.81,0,Em dia,2025-03-18
103429,3079,Crédito Pessoal,5388.03,24,409.68,0.0,0,Quitado,2024-04-29
103430,3080,Consignado,29532.55,24,1651.25,15135.43,0,Em dia,2025-03-12
103431,3081,Financiamento Veicular,21889.65,36,886.62,15249.79,0,Em dia,2025-04-29
103432,3081,Crédito Pessoal,13573.27,12,1574.9,0.0,0,Quitado,2025-03-13
103433,3082,Financiamento Veicular,66138.77,36,2678.88,38911.64,0,Em dia,2024-11-09
103434,3083,Financiamento Veicular,50014.51,36,2025.79,19672.37,0,Em dia,2024-02-11
103435,3084,Financiamento Veicular,70048.3,60,2113.9,63673.9,0,Em dia,2025-11-22
103436,3085,Consignado,13407.28,48,482.74,7306.97,0,Em dia,2024-02-24
103437,3086,Financiamento Veicular,18758.76,48,636.72,18149.1,0,Em dia,2026-04-17
103438,3087,Consignado,11333.44,24,633.68,3230.03,0,Em dia,2024-08-22
103439,3087,Crédito Pessoal,4040.28,12,468.79,0.0,0,Quitado,2025-03-15
103440,3088,Refinanciamento,11231.81,24,699.44,0.0,0,Quitado,2025-01-24
103441,3089,Financiamento Veicular,67420.41,60,2034.6,43755.85,0,Em dia,2024-03-28
103442,3090,Consignado,25203.92,24,1409.22,18650.9,0,Em dia,2025-10-17
103443,3090,Financiamento Veicular,48204.53,60,1454.7,32538.06,0,Em dia,2024-05-09
103444,3091,Crédito Pessoal,11540.42,24,877.49,4414.21,54,Inadimplente,2024-11-02
103445,3092,Consignado,17386.36,24,972.12,13430.96,0,Em dia,2025-11-21
103446,3093,Crédito Pessoal,17181.14,18,1527.75,14203.07,0,Em dia,2026-02-07
103447,3094,Financiamento Veicular,32901.01,36,1332.62,26485.31,0,Em dia,2025-09-12
103448,3095,Crédito Pessoal,6033.52,30,415.14,1484.25,0,Em dia,2024-01-24
103449,3096,Consignado,10310.93,60,333.59,10176.89,0,Em dia,2026-05-17
103450,3097,Consignado,32069.51,24,1793.1,0.0,0,Quitado,2024-02-06
103451,3098,Crédito Pessoal,3897.99,18,346.61,0.0,0,Quitado,2024-04-04
103452,3099,Consignado,22217.78,24,1242.26,7054.15,0,Em dia,2024-09-28
103453,3100,Crédito Pessoal,5996.88,24,455.98,2683.61,0,Em dia,2025-01-18
103454,3101,Financiamento Veicular,42823.55,36,1734.53,29833.74,0,Em dia,2025-04-15
103455,3102,Financiamento Veicular,31452.19,60,949.16,28998.92,0,Em dia,2025-12-02
103456,3103,Refinanciamento,13421.19,36,661.45,7605.34,0,Em dia,2024-10-30
103457,3104,Consignado,15635.43,60,505.86,9740.87,0,Em dia,2024-01-18
103458,3105,Financiamento Veicular,76154.38,60,2298.17,56354.24,141,Inadimplente,2024-10-10
103459,3106,Refinanciamento,12681.62,24,789.72,0.0,0,Quitado,2024-06-24
103460,3107,Crédito Pessoal,11553.4,24,878.47,11553.4,0,Em dia,2026-06-07
103461,3108,Crédito Pessoal,6032.33,36,388.28,5640.23,0,Em dia,2026-03-14
103462,3109,Consignado,7460.53,24,417.14,0.0,0,Quitado,2024-03-22
103463,3110,Consignado,12718.97,60,411.5,8585.31,49,Inadimplente,2024-05-08
103464,3111,Crédito Pessoal,6209.82,12,720.52,4595.27,0,Em dia,2026-02-07
103465,3112,Credito Pessoal,2819.78,36,181.5,1170.21,0,Em dia,2024-03-28
103466,3113,Crédito Pessoal,4443.93,24,337.9,3144.08,0,Em dia,2025-09-24
103467,3114,Financiamento Veicular,30886.85,60,932.09,30485.32,0,Em dia,2026-05-28
103468,3115,Refinanciamento,29277.97,48,1267.93,15956.5,46,Inadimplente,2024-02-06
103469,3116,Refinanciamento,10703.53,24,666.54,3746.23,31,Inadimplente,2024-10-06
103470,3117,Crédito Pessoal,18584.83,12,2156.38,18584.83,0,Em dia,2026-06-14
103471,3118,Crédito Pessoal,10662.99,24,810.77,9969.89,7,Atrasado,2026-04-22
103472,3119,Refinanciamento,8396.53,48,363.62,7577.87,0,Em dia,2025-12-17
103473,3120,Financiamento Veicular,52782.88,60,1592.87,38373.15,0,Em dia,2024-09-28
103474,3121,Crédito Pessoal,25284.92,30,1739.74,8849.72,0,Em dia,2024-05-11
103475,3122,Refinanciamento,9747.7,36,480.41,7635.7,0,Em dia,2025-08-28
103476,3123,Crédito Pessoal,11298.14,12,1310.91,0.0,0,Quitado,2024-10-23
103477,3123,Financiamento Veicular,26531.21,60,800.65,20322.91,0,Em dia,2024-12-02
103478,3124,Crédito Pessoal,4923.33,12,571.25,4923.33,0,Em dia,2026-06-19
103479,3125,Refinanciamento,8455.17,36,416.71,5340.85,0,Em dia,2025-01-10
103480,3125,Crédito Pessoal,6745.77,18,599.83,0.0,0,Quitado,2025-08-12
103481,3126,Crédito Pessoal,5826.37,18,518.08,1534.28,0,Em dia,2025-01-06
103482,3127,Crédito Pessoal,3682.87,30,253.4,0.0,0,Quitado,2025-01-30
103483,3128,Refinanciamento,26904.04,48,1165.12,15537.08,61,Inadimplente,2024-04-05
103484,3129,Crédito Pessoal,8138.25,36,523.83,7080.28,0,Em dia,2025-12-03
103485,3129,Consignado,14088.49,60,455.81,9876.03,0,Em dia,2024-07-31
103486,3130,Financiamento Veicular,35587.54,36,1441.44,24792.65,110,Inadimplente,2025-04-07
103487,3130,Refinanciamento,16172.7,48,700.38,14595.86,0,Em dia,2025-12-15
103488,3131,Crédito Pessoal,18002.19,30,1238.65,17066.08,21,Atrasado,2026-04-16
103489,3132,Crédito Pessoal,5438.14,24,413.49,2963.79,0,Em dia,2025-04-30
103490,3133,Financiamento Veicular,36650.92,48,1244.03,31290.72,101,Inadimplente,2025-09-12
103491,3134,Crédito Pessoal,2000.0,24,152.07,960.0,0,Em dia,2025-02-20
103492,3135,Consignado,25653.04,24,1434.33,12313.46,0,Em dia,2025-02-17
103493,3136,Crédito Pessoal,8561.41,30,589.07,6780.64,0,Em dia,2025-10-06
103494,3137,Consignado,25067.38,24,1401.59,12032.34,31,Inadimplente,2025-02-14
103495,3137,Crédito Pessoal,14228.81,12,1650.96,13303.94,105,inadimplente,2026-05-15
103496,3138,Financiamento Veicular,21549.26,48,731.44,16646.8,0,Em dia,2025-04-12
103497,3138,Consignado,10676.77,36,453.25,8594.8,0,Em dia,2025-09-26
103498,3139,Financiamento Veicular,64773.51,48,2198.59,51090.11,0,Em dia,2025-05-08
103499,3140,Crédito Pessoal,8013.17,30,551.35,6346.43,0,Em dia,2025-10-27
103500,3141,Crédito Pessoal,12817.3,24,974.57,11151.05,82,Inadimplente,2026-02-28
103501,3142,Crédito Pessoal,7584.67,12,880.04,0.0,0,Quitado,2025-10-09
103502,3143,Crédito Pessoal,10620.17,30,730.73,7030.55,0,Em dia,2025-05-03
103503,3143,Financiamento Veicular,28747.21,48,975.76,20338.65,0,Em dia,2024-12-17
103504,3144,Crédito Pessoal,24060.97,12,2791.78,16241.16,0,Em dia,2026-01-19
103505,3145,Consignado,4931.02,36,209.33,4931.02,0,Em dia,2026-06-30
103506,3145,Refinanciamento,11329.88,48,490.66,10593.44,0,Em dia,2026-02-27
103507,3146,Refinanciamento,11495.56,24,715.86,7012.29,0,Em dia,2025-06-05
103508,3147,Consignado,20952.73,60,677.89,14143.1,0,Em dia,2024-05-15
103509,3148,Crédito Pessoal,18759.16,12,2176.61,11443.09,0,Em dia,2025-12-12
103510,3149,Crédito Pessoal,11360.12,18,1010.14,0.0,0,Quitado,2024-09-10
103511,3150,Refinanciamento,25236.36,24,1571.54,15394.18,0,Em dia,2025-06-29
103512,3151,Crédito Pessoal,5981.61,12,694.04,0.0,0,Quitado,2025-06-18
103513,3152,Financiamento Veicular,46554.82,60,1404.92,42923.54,0,Em dia,2025-12-07
103514,3153,Crédito Pessoal,9344.51,18,830.91,0.0,0,Quitado,2024-02-14
103515,3154,Crédito Pessoal,15133.71,30,1041.28,3722.89,0,Em dia,2024-01-26
103516,3155,Consignado,23409.63,36,993.78,16815.92,0,Em dia,2025-05-06
103517,3156,Financiamento Veicular,66050.94,60,1993.27,41149.73,0,Em dia,2024-01-23
103518,3157,Crédito Pessoal,19731.89,36,1270.07,16739.22,60,Inadimplente,2025-11-23
103519,3158,Financiamento Veicular,40713.95,60,1228.65,40184.67,0,Em dia,2026-05-29
103520,3159,Consignado,16609.25,60,537.37,13802.28,0,Em dia,2025-05-16
103521,3160,Crédito Pessoal,12346.61,12,1432.57,0.0,0,Quitado,2024-07-25
103522,3161,Refinanciamento,25301.22,36,1246.95,11048.2,0,Em dia,2024-04-16
103523,3161,Consignado,30766.61,36,1306.09,12768.14,17,Atrasado,2024-03-20
103524,3162,Financiamento Veicular,26801.34,60,808.8,24362.41,0,Em dia,2025-11-14
103525,3162,Financiamento Veicular,30538.6,48,1036.56,19621.05,0,Em dia,2024-08-03
103526,3163,Crédito Pessoal,7664.33,24,582.76,7415.24,0,Em dia,2026-05-14
103527,3164,Crédito Pessoal,4999.25,30,343.98,4089.38,0,Em dia,2025-11-30
103528,3165,Crédito Pessoal,9359.43,36,602.43,8548.28,0,Em dia,2026-02-09
103529,3166,Financiamento Veicular,49585.85,36,2008.43,48511.49,0,Em dia,2026-05-12
103530,3167,Crédito Pessoal,4759.28,18,423.19,4553.05,0,Em dia,2026-05-26
103531,3168,Crédito Pessoal,14307.4,12,1660.08,0.0,0,Quitado,2024-10-25
103532,3169,Crédito Pessoal,4529.72,18,402.78,2566.84,0,Em dia,2025-08-19
103533,3169,Financiamento Veicular,73074.43,60,2205.22,49325.24,0,Em dia,2024-05-19
103534,3170,Crédito Pessoal,24772.22,18,2202.74,16184.52,0,Em dia,2025-10-08
103535,3171,Financiamento Veicular,75112.85,48,2549.54,66568.76,0,Em dia,2025-11-16
103536,3172,Consignado,12562.44,24,702.4,4396.85,0,Em dia,2024-10-08
103537,3172,Financiamento Veicular,53392.62,60,1611.27,53392.62,0,Em dia,2026-06-06
103538,3173,Consignado,8487.11,36,360.29,4257.7,0,Em dia,2024-07-09
103539,3174,Refinanciamento,12584.79,36,620.23,7676.72,0,Em dia,2024-12-25
103540,3175,Financiamento Veicular,35317.08,60,1065.79,23839.03,0,Em dia,2024-05-25
103541,3176,Refinanciamento,14705.14,36,724.73,13430.69,0,Em dia,2026-02-18
103542,3177,Crédito Pessoal,30676.06,30,2110.68,8343.89,36,Inadimplente,2024-02-08
103543,3178,Refinanciamento,12253.99,48,530.68,8868.83,39,Inadimplente,2025-01-30
103544,3179,Crédito Pessoal,7062.56,18,628.0,0.0,0,Quitado,2024-05-04
103545,3180,Crédito Pessoal,17494.33,12,2029.85,0.0,0,Quitado,2024-05-26
103546,3181,Crédito Pessoal,6624.34,30,455.79,5418.71,0,Em dia,2025-11-25
103547,3182,Financiamento Veicular,43289.44,48,1469.36,27813.47,92,Inadimplente,2024-08-25
103548,3183,Consignado,20733.44,36,880.17,14893.52,0,Em dia,2025-05-17
103549,3184,Refinanciamento,10919.61,48,472.89,8612.84,0,Em dia,2025-05-19
103550,3185,Crédito Pessoal,3798.96,24,288.86,1946.97,0,Em dia,2025-03-02
103551,3186,Crédito Pessoal,27895.53,12,3236.7,20642.69,0,Em dia,2026-02-17
103552,3187,Consignado,12085.47,60,391.01,7529.25,0,Em dia,2024-01-14
103553,3188,Crédito Pessoal,6380.01,30,438.98,3228.28,0,Em dia,2024-11-23
103554,3188,Crédito Pessoal,12031.48,30,827.83,4836.66,32,Inadimplente,2024-07-27
103555,3189,Refinanciamento,32360.0,48,1401.4,20265.45,0,Em dia,2024-07-20
103556,3189,Consignado,13480.98,36,572.29,10268.01,0,Em dia,2025-07-24
103557,3190,Financiamento Veicular,28072.98,60,847.18,24058.54,0,Em dia,2025-07-26
103558,3191,Refinanciamento,19484.32,48,843.8,16951.36,13,Atrasado,2025-10-30
103559,3192,Refinanciamento,64435.66,48,2790.48,51870.71,122,Inadimplente,2025-06-19
103560,3193,Consignado,9284.58,24,519.13,0.0,0,Quitado,2024-05-25
103561,3194,Crédito Pessoal,6421.9,36,413.35,4195.64,143,Inadimplente,2025-02-28
103562,3195,Crédito Pessoal,11735.03,12,1361.61,0.0,0,Quitado,2024-05-31
103563,3196,Refinanciamento,20351.15,48,881.34,12744.91,0,Em dia,2024-07-18
103564,3197,Crédito Pessoal,17537.94,12,2034.91,10698.14,0,Em dia,2025-12-27
103565,3198,Crédito Pessoal,8764.11,30,603.02,7852.64,0,Em dia,2026-02-22
103566,3199,Consignado,11758.95,24,657.48,3351.3,0,Em dia,2024-08-26
103567,3200,Consignado,8714.74,36,369.95,5882.45,0,Em dia,2025-03-04
